2021-12-31,"APPLE.COM/CA 800-676-2775, ON",97.75,,
2021-12-31,"SUN SUSHI EXPRESS (E-C MOUNT PEARL, NL",66.89,,
2021-12-30,PAYMENT THANK YOU/PAIEMEN T MERCI,,3000.00,
2021-12-29,"NINTENDO *AMERICACA 800-255-3700, BC",5.22,,
2021-12-29,"Disney PLUS Burbank, CA",13.79,,
2021-12-29,"WWW.NFMUSHROOMS.COM LIVINGSTONE S, NL",19.25,,
2021-12-29,"DOMINION BLACKMARSH ST. JOHN'S, NL",33.79,,
2021-12-29,"PC EXPRESS 0935 ST. JOHN'S, NL",147.78,,
2021-12-29,"WWW.CANADIANTIRE.CA 8667467287, ON",90.10,,
2021-12-29,"GREENFARMNL MT. PEARL, NL",20.25,,
2021-12-29,"SP * MYSA SHOP ST. JOHNS, NL",125.35,,
2021-12-29,"APPLE.COM/CA 800-676-2775, ON",185.15,,
2021-12-29,"APPLE.COM/CA 800-676-2775, ON",70.00,,
2021-12-29,"PC EXPRESS 0935 ST. JOHN'S, NL",105.54,,
2021-12-29,"BACKBLAZE HTTPSWWW.BACK, CA 14.00 USD @ 1.315714",18.42,,
2021-12-24,"MODERN MASTERY HQ MODERNMASTERY, AZ 9.97 USD @ 1.317953",13.14,,
2021-12-24,"PC EXPRESS 0935 ST. JOHN'S, NL",153.26,,
2021-12-24,"NETFLIX.COM 844-5052993, BC",17.24,,
2021-12-23,"BACKBLAZE HTTPSWWW.BACK, CA .79 USD @ 1.329113",1.05,,
2021-12-23,"APPLE.COM/BILL 866-712-7753, ON",14.94,,
2021-12-23,"SUSHI SHOKUNIN ST. JOHN'S, NL",38.81,,
2021-12-23,"SUSHI SHOKUNIN ST. JOHN'S, NL",50.00,,
2021-12-22,"GREENFARMNL MT. PEARL, NL",,20.25,
2021-12-22,"INDIGO ONLINE BRAMPTON, ON",,173.87,
2021-12-22,"MASTERMIND TOYS STJOHNS N ST. JOHN'S, NL",97.67,,
2021-12-22,"CDN TIRE STORE #00333 MOUNT PEARL, NL",51.74,,
2021-12-21,"WWW.NFMUSHROOMS.COM LIVINGSTONE S, NL",19.25,,
2021-12-21,"WINNERSHOMESENSE 27006 ST JOHN'S, NL",28.74,,
2021-12-21,"RW & CO. #2255 ST. JOHNS, NL",25.22,,
2021-12-21,"BR FACTORY CA 4202 ST JOHNS, NL",135.09,,
2021-12-21,"GREENFARMNL MT. PEARL, NL",20.25,,
2021-12-20,"LESTERS FARM MARKET IN ST.JOHN'S, NL",15.15,,
2021-12-20,"PC EXPRESS 0935 ST. JOHN'S, NL",246.21,,
2021-12-20,"STRATECHERY/DITHERING HTTPSSTRATECH, CA 5.00 USD @ 1.322000",6.61,,
2021-12-20,"GREENFARMNL MT. PEARL, NL",80.00,,
2021-12-20,"THE HOME DEPOT #7077 ST JOHNS, NL",160.70,,
2021-12-20,"APPLE.COM/BILL 866-712-7753, ON",11.49,,
2021-12-20,"NYTimes*NYTimes 800-698-4637, NY",23.00,,
2021-12-20,"AMZ*Amazon.ca AMAZON.CA, ON",,698.04,
2021-12-20,"APPLE.COM/CA TORONTO, ON",1962.99,,
2021-12-20,"Subway 2324 St. Johns, NL",18.21,,
2021-12-20,"PEACEFUL LOFT ST. JOHNS, NL",65.15,,
2021-12-20,"HOME ON WATER ST ST. JOHN'S, NL",61.98,,
2021-12-20,"THE OUTFITTERS ST. JOHN'S, NL",161.00,,
2021-12-20,"MEINEKE CAR CARE CENTER MOUNT PEARL, NL",164.22,,
2021-12-20,"ST. JOHN'S MUNICIPAL COUN ST. JOHN'S, NL",1.75,,
2021-12-20,"ST. JOHN'S MUNICIPAL COUN ST. JOHN'S, NL",0.88,,
2021-12-20,"SP * LIVING PLANET AND ST. JOHNS, NL",125.06,,
2021-12-20,"SP * THE BEES KNEES ST. JOHNS, NL",136.77,,
2021-12-20,"NLC #033 ST. JOHN'S, NL",57.99,,
2021-12-17,"MEINEKE CAR CARE CENTER MOUNT PEARL, NL",220.21,,
2021-12-17,"CIRCLE K / IRVING #2106 ST-JOHN'S, NL",94.95,,
2021-12-16,"Crocs Canada, Inc. crocs.ca, ON",63.24,,
2021-12-16,"ASIAN CAFE MOUNT PEARL, NL",48.85,,
2021-12-15,"PAYPAL *BBBRICK LLC 4029357733, ON",32.05,,
2021-12-15,"PC EXPRESS 0935 ST. JOHN'S, NL",293.23,,
2021-12-15,SIMPLE ANALYTICS BUSSUM 19.00 USD @ 1.318947,25.06,,
2021-12-15,"WWW.NFMUSHROOMS.COM LIVINGSTONE S, NL",19.25,,
2021-12-14,"INDIGO ONLINE BRAMPTON, ON",57.49,,
2021-12-14,PAYMENT THANK YOU/PAIEMEN T MERCI,,916.55,
2021-12-14,"GREENFARMNL MT. PEARL, NL",20.25,,
2021-12-14,"CDN TIRE STORE #00216 ST JOHN'S, NL",8.04,,
2021-12-14,"WWW.CANADIANTIRE.CA 8667467287, ON",96.49,,
2021-12-14,"WWW.CANADIANTIRE.CA 8667467287, ON",91.89,,
2021-12-13,"WWW.IKEA.CA BURLINGTON, ON",916.55,,
2021-12-13,"CHAPTERS 943 ST JOHN'S, NL",21.71,,
2021-12-13,"CHAPTERS 943 ST JOHN'S, NL",5.93,,
2021-12-13,"MICHAELS CANADA #3496 800-642-4235, ON",82.70,,
2021-12-13,"LESTERS FARM MARKET IN ST.JOHN'S, NL",13.70,,
2021-12-13,"RAKUTEN KOBO INC. TORONTO, ON",14.94,,
2021-12-13,"COLEMANS FOOD CENTRE MOUNT PEARL, NL",58.91,,
2021-12-13,"ARTHUR JAMES CLOTHING MOUNT PEARL, NL",180.95,,
2021-12-13,"SCHOOL LUNCH ASSOCIATI 709-754-5323, NL",160.00,,
2021-12-13,"INDIGO ONLINE BRAMPTON, ON",28.97,,
2021-12-13,"INDIGO ONLINE BRAMPTON, ON",173.87,,
2021-12-13,"SQ *SAUCY MOUTH, INC. Mount Pearl, NL",68.10,,
2021-12-10,PAYMENT THANK YOU/PAIEMEN T MERCI,,2000.00,
2021-12-09,"PC EXPRESS 0935 ST. JOHN'S, NL",215.56,,
2021-12-09,"PAYPAL *INDIGOBOOKS 4029357733, ON",142.25,,
2021-12-08,"WWW.NFMUSHROOMS.COM LIVINGSTONE S, NL",19.25,,
2021-12-08,"QUESADA BURRITOS & TACOS ST. JOHN'S, NL",27.78,,
2021-12-07,"GREENFARMNL MT. PEARL, NL",20.25,,
2021-12-07,"THEBAY.COM #1963 TORONTO, ON",114.99,,
2021-12-07,"THE WILDS AT SALMONIER HOLYROOD, NL",57.53,,
2021-12-06,"LESTERS FARM MARKET IN ST.JOHN'S, NL",102.93,,
2021-12-06,"MARIE'S MINI MART #29 ST. JOHN'S, NL",8.23,,
2021-12-06,"MARIE'S MINI MART #29 ST. JOHN'S, NL",6.89,,
2021-12-06,"THE WILDS AT SALMONIER HOLYROOD, NL",113.85,,
2021-12-06,"THEBAY.COM #1963 TORONTO, ON",34.50,,
2021-12-06,"NLC #033 ST. JOHN'S, NL",16.48,,
2021-12-06,"SOBEYS #340 ST. JOHN'S, NL",50.97,,
2021-12-06,"SOBEYS #340 ST. JOHN'S, NL",42.41,,
2021-12-06,"LIFETOUCH CANADA ONLIN 204-272-2899, MB",98.90,,
2021-12-06,"PAYPAL *PP GIVING 4029357733, ON",1.00,,
2021-12-06,"MICHAELS CANADA #3496 800-642-4235, ON",159.68,,
2021-12-06,"THE PRETZEL MAKER ST JOHNS, NL",13.33,,
2021-12-06,"N ATLANTIC PETROLEUM 1 MOUNT PEARL, NL",58.29,,
2021-12-06,"STAPLES STORE #101 MOUNT PEARL, NL",,150.06,
2021-12-06,"SUN SUSHI EXPRESS MOUNT PEARL, NL",68.31,,
2021-12-03,"Amazon web services aws.amazon.co, WA 2.14 USD @ 1.317757",2.82,,
2021-12-03,"SOBEYS #340 ST. JOHN'S, NL",53.08,,
2021-12-02,"SHOPPERSDRUGMART0118 ST JOHN'S, NL",29.06,,
2021-12-02,"PC EXPRESS 0935 ST. JOHN'S, NL",285.78,,
2021-12-02,Spotify P18433B1BC Stockholm,11.49,,
2021-12-02,PAYMENT THANK YOU/PAIEMEN T MERCI,,1800.00,
2021-12-02,"DIGITALOCEAN.COM SAINT JOHN, NB 6.90 USD @ 1.314492",9.07,,
2021-12-02,"LINODE 8554546633, PA 7.00 USD @ 1.314285",9.20,,
2021-12-02,"BURRITOS MEXICAN GRIL ST. JOHN'S, NL",20.70,,
2021-12-01,"THE HALIFAX HERALD 902-426-2811, NS",5.75,,
2021-12-01,"OUR PLEASURE INC - 462 ST. JOHN'S, NL",37.08,,
2021-12-01,"MARCO POLO LAND 902-9633738, PE",20.00,,
2021-12-01,"WWW.NFMUSHROOMS.COM LIVINGSTONE S, NL",19.25,,
2021-11-30,"GREENFARMNL MT. PEARL, NL",20.25,,
2021-11-29,"LEMONSQUEEZY.COM HTTPSWWW.LEMO, UT 49.50 USD @ 1.312121",64.95,,
2021-11-29,"SQ *CRUMB+PICKLE St. John's, NL",42.99,,
2021-11-29,"MARY BROWN'S WATER ST. ST. JOHN'S, NL",15.72,,
2021-11-29,"MARY BROWN'S WATER ST. ST. JOHN'S, NL",7.12,,
2021-11-29,"ROCKET BAKERY & FRESH FOO ST. JOHN'S, NL",8.63,,
2021-11-29,"Disney PLUS Burbank, CA",13.79,,
2021-11-29,"NLC #050 ST. JOHN'S, NL",29.99,,
2021-11-29,"DOMINION MEMORIAL 934 ST. JOHN'S, NL",112.24,,
2021-11-29,"LANDWASH BREWERY MOUNT PEARL, NL",9.00,,
2021-11-29,"SQ *SAUCY MOUTH, INC. 8774174551, NL",57.20,,
2021-11-29,"SP * ADVENCHER SUPPLY HTTPSADVENCHE, MA 13.30 USD @ 1.299248",17.28,,
2021-11-26,PAYMENT THANK YOU/PAIEMEN T MERCI,,4000.00,
2021-11-26,"ARTHUR JAMES CLOTHING MOUNT PEARL, NL",94.30,,
2021-11-26,"BUBBA'S TUBS & POOLS MOUNT PEARL, NL",251.85,,
2021-11-26,"SALTWATER DESIGNS ST. JOHN'S, NL",1.73,,
2021-11-26,"COLEMANS FOOD CENTRE MOUNT PEARL, NL",27.47,,
2021-11-25,"SP * MACK WELDON HTTPSMACKWELD, NY -75.20 USD @ 1.232978",,92.72,
2021-11-25,"BACKBLAZE HTTPSWWW.BACK, CA 14.00 USD @ 1.303571",18.25,,
2021-11-25,"TELUS MOBILITY 705-7923728, ON",461.38,,
2021-11-24,"NETFLIX.COM 866-716-0414, ON",17.24,,
2021-11-24,"MODERN MASTERY HQ MODERNMASTERY, AZ 9.97 USD @ 1.302908",12.99,,
2021-11-24,"STAPLES STORE #101 MOUNT PEARL, NL",160.17,,
2021-11-23,"AMZN Mktp CA*3Z0TU44J3 WWW.AMAZON.CA, ON",122.79,,
2021-11-23,"APPLE.COM/BILL 866-712-7753, ON",14.94,,
2021-11-23,PADDLE NET MAKETHEWEB London 23.00 USD @ 1.298260,29.86,,
2021-11-23,WIP.CO LOVES YOU SINGAPORE 20.00 USD @ 1.302500,26.05,,
2021-11-23,"BACKBLAZE HTTPSWWW.BACK, CA .82 USD @ 1.304878",1.07,,
2021-11-22,"THE DOCTOR'S HOUSE INN & GREENS-HBR, NL",282.15,,
2021-11-22,"THE DOCTOR'S HOUSE INN & GREENS-HBR, NL",48.00,,
2021-11-22,"DOMINION BLACKMARSH ST. JOHN'S, NL",221.98,,
2021-11-22,"LESTERS FARM MARKET IN ST.JOHN'S, NL",42.45,,
2021-11-22,"SALTWATER DESIGNS ST. JOHN'S, NL",15.87,,
2021-11-22,ETSY ETSY.COM,45.82,,
2021-11-22,"NLC #033 ST. JOHN'S, NL",71.43,,
2021-11-22,"NYTimes*NYTimes 800-698-4637, NY",23.00,,
2021-11-22,"N ATLANTIC PETROLEUM 1 MOUNT PEARL, NL",86.92,,
2021-11-22,"SUN SUSHI EXPRESS MOUNT PEARL, NL",70.09,,
2021-11-22,"STRATECHERY/DITHERING HTTPSSTRATECH, CA 5.00 USD @ 1.298000",6.49,,
2021-11-19,"VILLAGE DENTAL OFFICE ST. JOHN'S, NL",318.85,,
2021-11-18,"WWW.NFMUSHROOMS.COM LIVINGSTONE S, NL",19.25,,
2021-11-18,"CARRD HTTPSCARRD.CO, TN 11.00 USD @ 1.294545",14.24,,
2021-11-17,"SP * MYSA SHOP ST. JOHNS, NL",148.35,,
2021-11-17,"WF/WAYFAIR3665602282 VANCOUVER, BC",91.99,,
2021-11-17,"THE DOCTOR'S HOUSE INN & GREENS-HBR, NL",180.00,,
2021-11-17,"HOVER 8667316556, MS 66.50 USD @ 1.288571",85.69,,
2021-11-17,"PIT CREW DRIVE THRU INC. ST. JOHN'S, NL",99.71,,
2021-11-17,"PIT CREW DRIVE THRU INC. ST. JOHN'S, NL",180.44,,
2021-11-16,"La Senza Canada Vancouver, BC",180.44,,
2021-11-16,"REITMANS #1499 MONTREAL, QC",147.77,,
2021-11-15,"PC EXPRESS 0935 ST. JOHN'S, NL",390.30,,
2021-11-15,"DOMINION BLACKMARSH ST. JOHN'S, NL",123.01,,
2021-11-15,"THE PRETZEL MAKER ST JOHNS, NL",7.68,,
2021-11-15,"WINNERSHOMESENSE 27006 ST JOHN'S, NL",6.29,,
2021-11-15,"SCHOOL LUNCH ASSOCIATI 709-754-5323, NL",100.00,,
2021-11-15,"BR FACTORY CA 4202 ST JOHNS, NL",150.35,,
2021-11-15,"SOBEYS #340 ST. JOHN'S, NL",39.69,,
2021-11-15,"SOBEYS #340 ST. JOHN'S, NL",8.49,,
2021-11-15,"QUESADA BURRITOS & TACOS ST. JOHN'S, NL",31.92,,
2021-11-15,"Subway 14770 St Johns, NL",14.21,,
2021-11-15,"WWW.CANADIANTIRE.CA 8667467287, ON",151.75,,
2021-11-12,"RAKUTEN KOBO INC. TORONTO, ON",14.94,,
2021-11-12,"HOVER 8667316556, MS 40.39 USD @ 1.291408",52.16,,
2021-11-12,"MCDONALD'S #4129 ST. JOHN'S, NL",23.00,,
2021-11-12,"CINEPLEX REC ROOM 8001 ST JOHN'S, NL",28.76,,
2021-11-10,"WWW.NFMUSHROOMS.COM LIVINGSTONE S, NL",19.25,,
2021-11-10,"STARBUCKS COFFEE #2260 ST. JOHN''S, NL",9.66,,
2021-11-10,"CINEPLEX 8126 ST JOHN'S, NL",22.98,,
2021-11-09,"CINEPLEX 8030 WEB QPS 416-323-6600, ON",48.24,,
2021-11-09,"MARIE'S MINI MART #29 ST. JOHN'S, NL",7.78,,
2021-11-08,"MASTERMIND TOYS STJOHNS N ST. JOHN'S, NL",40.24,,
2021-11-08,"SOBEYS #340 ST. JOHN'S, NL",135.65,,
2021-11-08,"SOBEYS #340 ST. JOHN'S, NL",8.98,,
2021-11-08,"THE LITTLE SPARO ST. JOHN'S, NL",122.99,,
2021-11-08,"THE SOURCE 50150 BARRIE, ON",402.49,,
2021-11-08,"DOMINION BLACKMARSH ST. JOHN'S, NL",32.75,,
2021-11-08,"PC EXPRESS 0935 ST. JOHN'S, NL",78.12,,
2021-11-05,"GREENFARMNL MT. PEARL, NL",16.00,,
2021-11-05,"SCHOLASTIC CANADA ECOM MARKHAM, ON",82.40,,
2021-11-05,"SOBEYS #340 ST. JOHN'S, NL",138.66,,
2021-11-03,"WWW.NFMUSHROOMS.COM LIVINGSTONE S, NL",19.25,,
2021-11-03,"Amazon web services aws.amazon.co, WA 2.14 USD @ 1.271028",2.72,,
2021-11-02,"DIGITALOCEAN.COM SAINT JOHN, NB 6.90 USD @ 1.271014",8.77,,
2021-11-02,"LINODE 8554546633, PA 7.00 USD @ 1.271428",8.90,,
2021-11-02,PAYMENT THANK YOU/PAIEMEN T MERCI,,1500.00,
2021-11-02,Spotify P17C17AD28 Stockholm,11.49,,
2021-11-02,"THE HOME DEPOT #7077 ST JOHNS, NL",148.74,,
2021-11-02,"THE HOME DEPOT #7077 ST JOHNS, NL",,194.33,
2021-11-01,"THE HALIFAX HERALD 902-426-2811, NS",5.75,,
2021-11-01,"N ATLANTIC PETROLEUM 1 MOUNT PEARL, NL",98.79,,
2021-11-01,"PC EXPRESS 0935 ST. JOHN'S, NL",273.34,,
2021-11-01,"COLEMANS FOOD CENTRE MOUNT PEARL, NL",27.82,,
2021-11-01,"ARTHUR JAMES CLOTHING MOUNT PEARL, NL",65.55,,
2021-11-01,"LESTERS FARM MARKET IN ST.JOHN'S, NL",19.55,,
2021-11-01,"PAYPAL *MASTERMIND 4029357733, ON",275.93,,
2021-11-01,"SOBEYS #340 ST. JOHN'S, NL",3.99,,
2021-11-01,"SOBEYS #340 ST. JOHN'S, NL",158.55,,
2021-11-01,"PAYPAL *BBBRICK LLC 4029357733, ON",6.46,,
2021-11-01,"ROCKET BAKERY & FRESH FOO ST. JOHN'S, NL",3.84,,
2021-11-01,"NAME-CHEAP.COM* 1SOIPD WWW.NAMECHEAP, AZ 15.16 USD @ 1.271767",19.28,,
2021-11-01,"APPLE.COM/BILL 866-712-7753, ON",19.54,,
2021-10-29,"Disney PLUS Burbank, CA",13.79,,
2021-10-29,"GREENFARMNL MT. PEARL, NL",16.00,,
2021-10-28,"SUSHI ISLAND ST JOHNS, NL",84.63,,
2021-10-28,"MARIE'S MINI MART #29 ST. JOHN'S, NL",15.55,,
2021-10-27,CREDIT ADJUSTMENT,,2.43,
2021-10-27,"THE PODIATRY ASSOCIATES ST. JOHN'S, NL",55.00,,
2021-10-26,"WWW.NFMUSHROOMS.COM LIVINGSTONE S, NL",19.25,,
2021-10-26,"VILLAGE DENTAL OFFICE ST. JOHN'S, NL",40.87,,
2021-10-26,PAYMENT THANK YOU/PAIEMEN T MERCI,,1100.00,
2021-10-25,"SWISS CHALET 1271E 709-468-6315, NL",13.78,,
2021-10-25,"STARBUCKS COFFEE #2260 ST. JOHN''S, NL",7.42,,
2021-10-25,"BACKBLAZE HTTPSWWW.BACK, CA 21.00 USD @ 1.270000",26.67,,
2021-10-25,"THE HOME DEPOT #7077 ST JOHNS, NL",19.46,,
2021-10-25,"SUN SUSHI EXPRESS MOUNT PEARL, NL",35.44,,
2021-10-25,"NETFLIX.COM 844-5052993, BC",17.24,,
2021-10-25,"NYTimes*NYTimes 800-698-4637, NY",23.00,,
2021-10-25,"PEACEFUL LOFT ST. JOHNS, NL",101.72,,
2021-10-25,"APPLE.COM/BILL 866-712-7753, ON",14.94,,
2021-10-25,"BACKBLAZE HTTPSWWW.BACK, CA .79 USD @ 1.265822",1.00,,
2021-10-22,"Amazon.ca*2Y74V7AC2 AMAZON.CA, ON",698.04,,
2021-10-22,"GREENFARMNL MT. PEARL, NL",16.00,,
2021-10-22,"SALTWATER DESIGNS ST. JOHN'S, NL",19.84,,
2021-10-21,"STRATECHERY/DITHERING HTTPSSTRATECH, CA 5.00 USD @ 1.268000",6.34,,
2021-10-21,"PC EXPRESS 0935 ST. JOHN'S, NL",128.56,,
2021-10-21,"HOVER 8667316556, MS 40.39 USD @ 1.268630",51.24,,
2021-10-21,PAYMENT THANK YOU/PAIEMEN T MERCI,,3000.00,
2021-10-20,"HOVER 8667316556, MS 16.01 USD @ 1.272329",20.37,,
2021-10-20,"MOTOR REG DIVISION MOUNT PEARL, NL",160.00,,
2021-10-19,"WWW.NFMUSHROOMS.COM LIVINGSTONE S, NL",19.25,,
2021-10-19,"SCHOOL LUNCH ASSOCIATI 709-754-5323, NL",137.50,,
2021-10-19,"MARIE'S MINI MART #29 ST. JOHN'S, NL",7.11,,
2021-10-19,"#730 MARK'S ST. JOHN'S, NL",45.11,,
2021-10-18,"BELL MOBILITY VERDUN, QC",126.26,,
2021-10-18,"SOBEYS #340 ST. JOHN'S, NL",169.44,,
2021-10-18,"SMITH'S HOME HARDWARE ST. JOHN'S, NL",10.67,,
2021-10-18,"SHOPPERS DRUG MART #0118 ST JOHN'S, NL",30.06,,
2021-10-18,"SQ *SAUCY MOUTH, INC. 8774174551, NL",57.20,,
2021-10-18,"SOBEYS #340 ST. JOHN'S, NL",116.15,,
2021-10-15,"GREENFARMNL MT. PEARL, NL",16.00,,
2021-10-14,"#371 SPORT CHEK ST JOHNS, NL",91.98,,
2021-10-13,"RUNNING ROOM ST. JOHN'S, NL",57.49,,
2021-10-13,"EDGE MARKETING CORP CALGARY, AB",76.60,,
2021-10-12,"WWW.NFMUSHROOMS.COM LIVINGSTONE S, NL",19.25,,
2021-10-12,"AMZN Mktp CA*277UW3XE0 WWW.AMAZON.CA, ON",33.89,,
2021-10-12,"COLEMANS ST. JOHN'S, NL",148.67,,
2021-10-12,"STARBUCKS COFFEE #2260 ST. JOHN''S, NL",10.24,,
2021-10-12,"WINNERSHOMESENSE 27006 ST JOHN'S, NL",225.27,,
2021-10-12,"DUCKWORTH STREET PARKA ST. JOHN'S, NL",3.00,,
2021-10-12,"GINGERGRASS ST. JOHN'S, NL",60.36,,
2021-10-08,"SP * MACK WELDON HTTPSMACKWELD, NY 94.00 USD @ 1.296595",121.88,,
2021-10-08,"GREENFARMNL MT. PEARL, NL",16.00,,
2021-10-08,"WWW.IKEA.CA BURLINGTON, ON",596.80,,
2021-10-08,"SOBEYS #340 ST. JOHN'S, NL",52.53,,
2021-10-07,"TWIN SHORES CAMPING AR 902-836-3833, PE",50.00,,
2021-10-06,"PC EXPRESS 0935 ST. JOHN'S, NL",184.36,,
2021-10-06,"LEE VALLEY TOOLS OTTAWA, ON",194.35,,
2021-10-05,"WWW.NFMUSHROOMS.COM LIVINGSTONE S, NL",19.25,,
2021-10-05,PAYMENT THANK YOU/PAIEMEN T MERCI,,900.00,
2021-10-04,"SQ *DARK STAR COFFEE ROAS Carbonear, NL",13.66,,
2021-10-04,"LINODE 8554546633, PA 7.00 USD @ 1.305714",9.14,,
2021-10-04,"Amazon web services aws.amazon.co, WA 2.14 USD @ 1.308411",2.80,,
2021-10-04,"PEACEFUL LOFT ST. JOHNS, NL",91.08,,
2021-10-04,"NLC #033 ST. JOHN'S, NL",101.73,,
2021-10-04,"DIGITALOCEAN.COM SAINT JOHN, NB 6.90 USD @ 1.305797",9.01,,
2021-10-04,"QUINCAILLERIE RICHELIEU L SAINT-LAURENT, QC",273.65,,
2021-10-04,Spotify P173F9EAB2 Stockholm,11.49,,
2021-10-01,"THE HALIFAX HERALD 902-426-2811, NS",5.75,,
2021-10-01,"GREENFARMNL MT. PEARL, NL",16.00,,
2021-10-01,"SUN SUSHI - DUCKWORTH ST. JOHN'S, NL",55.24,,
2021-10-01,"HOVER 8667316556, MS 18.27 USD @ 1.302681",23.80,,
2021-10-01,"FREAK LUNCHBOX ST. JOHN'S, NL",5.61,,
2021-10-01,"FREAK LUNCHBOX ST. JOHN'S, NL",21.29,,
2021-09-29,"Disney PLUS Burbank, CA",13.79,,
2021-09-29,"CIRCLE K / IRVING #2106 ST-JOHN'S, NL",91.79,,
2021-09-29,"PC EXPRESS 0935 ST. JOHN'S, NL",162.56,,
2021-09-28,"WWW.NFMUSHROOMS.COM LIVINGSTONE S, NL",19.25,,
2021-09-27,"NAME-CHEAP.COM WWW.NAMECHEAP, AZ 13.98 USD @ 1.305436",18.25,,
2021-09-27,CREDIT ADJUSTMENT,,1.33,
2021-09-27,"Amazon.ca*2C0RI4CP2 AMAZON.CA, ON",57.44,,
2021-09-27,"Subway 14770 St Johns, NL",10.79,,
2021-09-27,"THE HOME DEPOT #7077 ST JOHNS, NL",16.03,,
2021-09-27,"THE PRETZEL MAKER ST JOHNS, NL",4.89,,
2021-09-27,"BELL ALIANT PAP #154 SAINT JOHN, NB",8.88,,
2021-09-27,"NLC #033 ST. JOHN'S, NL",31.45,,
2021-09-27,"NYTimes*NYTimes 800-698-4637, NY",23.00,,
2021-09-27,"ORION COMPUTER MISSISSAUGA, ON",151.56,,
2021-09-27,"SQ *SAUCY MOUTH, INC. 8774174551, NL",55.20,,
2021-09-27,"BACKBLAZE HTTPSWWW.BACK, CA 28.00 USD @ 1.305000",36.54,,
2021-09-27,"IMAGE FUSION INC MOUNT PEARL, NL",24.04,,
2021-09-24,"NETFLIX.COM 866-716-0414, ON",17.24,,
2021-09-24,"COLEMANS FOOD CENTRE MOUNT PEARL, NL",32.53,,
2021-09-23,"APPLE.COM/BILL 866-712-7753, ON",14.94,,
2021-09-23,"BACKBLAZE HTTPSWWW.BACK, CA .82 USD @ 1.317073",1.08,,
2021-09-22,"SOBEYS #340 ST. JOHN'S, NL",59.50,,
2021-09-21,"WWW.NFMUSHROOMS.COM LIVINGSTONE S, NL",19.25,,
2021-09-21,"ORION COMPUTER MISSISSAUGA, ON",88.28,,
2021-09-21,"CDN TIRE GASBAR #01859 MOUNT PEARL, NL",4.94,,
2021-09-20,"CHAPTERS 943 ST JOHN'S, NL",131.11,,
2021-09-20,"STRATECHERY/DITHERING HTTPSSTRATECH, CA 5.00 USD @ 1.310000",6.55,,
2021-09-20,"STARBUCKS COFFEE # 554 SAINT JOHN'S, NL",5.46,,
2021-09-20,"Subway 17299 Bay Roberts, NL",10.54,,
2021-09-20,"SMALL POINT GENERAL STORE WESTERN BAY, NL",9.97,,
2021-09-20,WORDPRESS 3XMFGXGFDJ DUBLIN 300.00 USD @ 1.309533,392.86,,
2021-09-20,"SQ *SAUCY MOUTH, INC. 8774174551, NL",50.60,,
2021-09-20,"KENT MOUNT PEARL MOUNT PEARL, NL",36.79,,
2021-09-16,"SCHOOL LUNCH ASSOCIATI 709-754-5323, NL",160.00,,
2021-09-16,"SCHOOL LUNCH ASSOCIATI 709-754-5323, NL",15.00,,
2021-09-15,"QUESADA MEXICAN GRILL ST. JOHN'S, NL",33.52,,
2021-09-15,"SCHOLASTIC CANADA ECOM MARKHAM, ON",78.44,,
2021-09-14,"WWW.NFMUSHROOMS.COM LIVINGSTONE S, NL",19.25,,
2021-09-14,"SHOPPERS DRUG MART #0118 ST JOHN'S, NL",46.75,,
2021-09-14,"CDN TIRE STORE #00216 ST JOHN'S, NL",57.49,,
2021-09-14,"CDN TIRE STORE #00216 ST JOHN'S, NL",86.24,,
2021-09-13,"NLC #033 ST. JOHN'S, NL",21.98,,
2021-09-13,"SMITH'S HOME HARDWARE ST. JOHN'S, NL",18.95,,
2021-09-09,"SALTWATER DESIGNS ST. JOHN'S, NL",15.67,,
2021-09-09,"BORDERFREE 3760 2122993555, ON",241.35,,
2021-09-08,"SMITH'S HOME HARDWARE ST. JOHN'S, NL",18.96,,
2021-09-08,"BOSTON PIZZA # 924 ST. JOHN'S, NL",101.05,,
2021-09-07,"WWW.NFMUSHROOMS.COM LIVINGSTONE S, NL",19.25,,
2021-09-07,"APPLE.COM/BILL TORONTO, ON",6.31,,
2021-09-07,"PARK INDIGO - NO CNL002 ST. JOHN'S, NL",6.00,,
2021-09-07,"CDN TIRE GASBAR #01859 MOUNT PEARL, NL",75.00,,
2021-09-07,"SUN SUSHI ST. JOHN'S, NL",53.96,,
2021-09-07,"DOMINION BLACKMARSH ST. JOHN'S, NL",494.44,,
2021-09-03,"Amazon web services aws.amazon.co, WA 2.14 USD @ 1.299065",2.78,,
2021-09-03,"CLOVELLY GOLF COURSE ST. JOHN'S, NL",63.25,,
2021-09-03,"QUESADA MEXICAN GRILL ST. JOHN'S, NL",31.92,,
2021-09-02,PAYMENT THANK YOU/PAIEMEN T MERCI,,1600.00,
2021-09-02,PAYMENT THANK YOU/PAIEMEN T MERCI,,3100.00,
2021-09-02,"LINODE 8554546633, PA 7.00 USD @ 1.295714",9.07,,
2021-09-02,"DIGITALOCEAN.COM SAINT JOHN, NB 6.88 USD @ 1.296511",8.92,,
2021-09-02,Spotify P16B8AAF03 Stockholm,11.49,,
2021-09-02,"KOODO MOBILE PAC 111-1111111, AB",56.19,,
2021-09-01,"THE HALIFAX HERALD 902-426-2811, NS",5.75,,
2021-09-01,"TELUS MOBILITY SOLUTIO SCARBOROUGH, ON",38.10,,
2021-08-31,"WWW.NFMUSHROOMS.COM LIVINGSTONE S, NL",19.25,,
2021-08-31,"SQ *CLAY CAFE AVALON 8774174551, NL",84.92,,
2021-08-31,"BACKBLAZE HTTPSWWW.BACK, CA 5.53 USD @ 1.294755",7.16,,
2021-08-31,"SQ *CLAY CAFE AVALON 8774174551, NL",78.98,,
2021-08-31,"SQ *CLAY CAFE AVALON 8774174551, NL",82.50,,
2021-08-31,"SOBEYS #340 ST. JOHN'S, NL",20.97,,
2021-08-31,"NLC #033 ST. JOHN'S, NL",116.45,,
2021-08-31,"THE HOME DEPOT #7077 ST JOHNS, NL",58.28,,
2021-08-31,"SOBEYS #340 ST. JOHN'S, NL",13.98,,
2021-08-30,"LESTERS FARM MARKET IN ST.JOHN'S, NL",16.75,,
2021-08-30,"NYTimes*NYTimes 800-698-4637, NY",23.00,,
2021-08-30,"DISNEY PLUS 180-07271800, CA",13.79,,
2021-08-30,"BRIDIE MOLLOY`S ST. JOHN'S, NL",59.42,,
2021-08-30,"PEACEFUL LOFT ST. JOHNS, NL",52.38,,
2021-08-30,"LOVABLE LABELS 9058495800, ON",89.22,,
2021-08-30,"PRONTO PIZZA CONCEPTION BA, NL",7.22,,
2021-08-27,"BELL ALIANT PAP #154 SAINT JOHN, NB",10.64,,
2021-08-27,"Subway 16091 Conception Ba, NL",11.58,,
2021-08-27,"CURRY DELIGHT MOUNT PEARL, NL",41.30,,
2021-08-27,"NLC #033 ST. JOHN'S, NL",72.32,,
2021-08-26,"HOOKED SEAFOOD SHACK PETTY HARBOUR, NL",25.79,,
2021-08-26,"VILLAGE DENTAL OFFICE ST. JOHN'S, NL",58.41,,
2021-08-25,"BACKBLAZE HTTPSWWW.BACK, CA 21.00 USD @ 1.298571",27.27,,
2021-08-24,"WWW.NFMUSHROOMS.COM LIVINGSTONE S, NL",19.25,,
2021-08-24,"NETFLIX.COM 844-5052993, BC",17.24,,
2021-08-23,"APPLE.COM/BILL 866-712-7753, ON",14.94,,
2021-08-23,"BACKBLAZE HTTPSWWW.BACK, CA .82 USD @ 1.329268",1.09,,
2021-08-23,"VICTORIA IRVING VICTORIA CB, NL",95.74,,
2021-08-23,"SUN SUSHI EXPRESS (E-C MOUNT PEARL, NL",73.74,,
2021-08-23,"MCDONALD'S #29703 CARBONEAR, NL",15.03,,
2021-08-23,"SOBEYS #340 ST. JOHN'S, NL",114.57,,
2021-08-23,"SOBEYS #340 ST. JOHN'S, NL",118.14,,
2021-08-20,"APPLE.COM/CA TORONTO, ON",568.10,,
2021-08-20,PAYMENT THANK YOU/PAIEMEN T MERCI,,1500.00,
2021-08-20,"STRATECHERY/DITHERING HTTPSSTRATECH, CA 5.00 USD @ 1.316000",6.58,,
2021-08-20,"SOBEYS #340 ST. JOHN'S, NL",20.49,,
2021-08-20,"SOBEYS #340 ST. JOHN'S, NL",8.49,,
2021-08-17,"WWW.NFMUSHROOMS.COM LIVINGSTONE S, NL",19.25,,
2021-08-17,"SQ *THE PARLOUR St. John's, NL",11.90,,
2021-08-17,"SOBEYS #340 ST. JOHN'S, NL",29.21,,
2021-08-16,"LANDWASH BREWERY MOUNT PEARL, NL",16.37,,
2021-08-16,"SQ *SAUCY MOUTH, INC. Mount Pearl, NL",80.60,,
2021-08-16,"ULTRAMAR #773 CAPE BROYLE, NL",71.96,,
2021-08-16,"RESTAURANT TERRE ST-JOHN'S, NL",185.15,,
2021-08-13,"PARK INDIGO - NO CNL005 ST. JOHN'S, NL",9.00,,
2021-08-13,"ROCKY MOUNTAIN CHOCOLATE ST. JOHN'S, NL",8.05,,
2021-08-10,"WWW.NFMUSHROOMS.COM LIVINGSTONE S, NL",19.25,,
2021-08-10,"CINEPLEX REC ROOM 8001 ST JOHN'S, NL",28.75,,
2021-08-10,"BOOSTER JUICE # 233 ST. JOHN'S, NL",11.46,,
2021-08-10,"MARIE'S MINI MART #29 ST. JOHN'S, NL",9.98,,
2021-08-10,"LAWTONS #142 ST. JOHN'S, NL",3.21,,
2021-08-09,"NLC #033 ST. JOHN'S, NL",183.49,,
2021-08-09,"KENT MOUNT PEARL MOUNT PEARL, NL",230.18,,
2021-08-09,"DAIRY QUEEN #12122 ST. JOHN'S, NL",8.60,,
2021-08-06,PAYMENT THANK YOU/PAIEMEN T MERCI,,800.00,
2021-08-06,"SOBEYS #340 ST. JOHN'S, NL",40.98,,
2021-08-06,"MARIE'S MINI MART #29 ST. JOHN'S, NL",5.90,,
2021-08-05,"EVOO ST. JOHN'S, NL",88.61,,
2021-08-05,"DAIRY QUEEN #12122 ST. JOHN'S, NL",9.06,,
2021-08-04,"ST JOHNS INTERNATIONAL ST JOHN'S, NL",4.00,,
2021-08-04,"IRVING #03340 MOUNT PEARL, NL",94.68,,
2021-08-04,"CENTURA ATLANTIC MOUNT PEARL, NL",270.18,,
2021-08-04,"MOTOR REG DIVISION MOUNT PEARL, NL",89.00,,
2021-08-04,PAYMENT THANK YOU/PAIEMEN T MERCI,,270.18,
2021-08-04,PAYMENT THANK YOU/PAIEMEN T MERCI,,317.37,
2021-08-04,PAYMENT THANK YOU/PAIEMEN T MERCI,,2700.00,
2021-08-03,"Amazon web services aws.amazon.co, WA 2.14 USD @ 1.285046",2.75,,
2021-08-03,"WWW.NFMUSHROOMS.COM LIVINGSTONE S, NL",19.25,,
2021-08-03,"WWW.IKEA.CA BURLINGTON, ON",131.62,,
2021-08-03,"CREATIVE BRICK TILE L ST JOHN'S, NL",243.43,,
2021-08-03,"THE HALIFAX HERALD 902-426-2811, NS",5.75,,
2021-08-03,"LINODE 8554546633, PA 7.00 USD @ 1.281428",8.97,,
2021-08-03,"DIGITALOCEAN.COM SAINT JOHN, NB 6.90 USD @ 1.281159",8.84,,
2021-08-03,Spotify P164011713 Stockholm,11.49,,
2021-08-03,"CDN TIRE STORE #00333 MOUNT PEARL, NL",317.37,,
2021-08-03,"KOODO MOBILE PAC 111-1111111, AB",173.74,,
2021-08-03,"SUN SUSHI EXPRESS MOUNT PEARL, NL",99.97,,
2021-08-03,"NYTimes*NYTimes 800-698-4637, NY",23.00,,
2021-07-30,"MV ATLANTIC VISION CHANNEL-PORT-, NL",6.07,,
2021-07-29,"EDS BOOKS AND MORE SYDNEY, NS",4.00,,
2021-07-29,"HOLIDAY INN SYDNEY WAT SYDNEY, NS",172.06,,
2021-07-29,"SQ *JJ'S PLANT BASED EATS Sydney, NS",43.64,,
2021-07-29,"SKIPTHEDISHES WINNIPEG, MB",71.68,,
2021-07-29,"DISNEY PLUS 180-07271800, CA",10.34,,
2021-07-29,"MV ATLANTIC VISION CHANNEL-PORT-, NL",43.01,,
2021-07-29,"MV ATLANTIC VISION CHANNEL-PORT-, NL",18.97,,
2021-07-29,"MV ATLANTIC VISION CHANNEL-PORT-, NL",3.28,,
2021-07-29,"AIR-SERV V PS712015 MOUNT UNIACKE, NS",3.00,,
2021-07-29,"AIR-SERV A PS711890 AULDS COVE, NS",2.00,,
2021-07-29,"AIR-SERV V PS712015 MOUNT UNIACKE, NS",3.00,,
2021-07-29,"NSLC #2341 WESTERN SHORE, NS",24.97,,
2021-07-28,"NARU SUSHI SYDNEY, NS",76.05,,
2021-07-28,"CIRCLE K / IRVING #QPS 20 AULDS COVE, NS",10.80,,
2021-07-28,"CIRCLE K / IRVING #2074 AULDS COVE, NS",81.09,,
2021-07-28,"BELL ALIANT PAP #154 SAINT JOHN, NB",10.64,,
2021-07-28,"TIM HORTONS #0854 TRURO, NS",20.00,,
2021-07-27,"METROPARK QPL HALIFAX, NS",20.25,,
2021-07-27,"ANTOJO TACOS AND TEQUILA HALIFAX, NS",109.77,,
2021-07-27,"PATAGONIA HALIFAX HALIFAX, NS",137.14,,
2021-07-27,"IKEA HALIFAX DARTMOUTH, NS",16.08,,
2021-07-27,"IKEA HALIFAX DARTMOUTH, NS",2.88,,
2021-07-27,"IKEA HALIFAX DARTMOUTH, NS",30.24,,
2021-07-27,"ATLANTIC WHOLESALERS LWR SACKVILLE, NS",10.90,,
2021-07-27,"HEARTWOOD QUINPOOL HALIFAX, NS",72.61,,
2021-07-26,"CIRCLE K / IRVING #2058 MOUNT UNIACKE, NS",74.45,,
2021-07-26,"PIZZA HUT 0101 LOWER SACKVIL, NS",7.32,,
2021-07-26,"ATLANTIC SPLASH ADVENTURE HAMMONDS PLAI, NS",18.98,,
2021-07-26,"ATLANTIC SPLASH ADVENTURE 902-8651025, NS",110.17,,
2021-07-26,"BACKBLAZE HTTPSWWW.BACK, CA 18.00 USD @ 1.292777",23.27,,
2021-07-26,"AMIN`S INDIAN FOOD HALIFAX, NS",15.95,,
2021-07-26,"UNIVERSAL PROPERTY MANAGE HALIFAX, NS",3.00,,
2021-07-26,"COPPER BRANCH HALIFAX, NS",88.17,,
2021-07-26,"SWEET JANE'S GIFTS & CONF HALIFAX, NS",13.11,,
2021-07-26,"THE WOODEN MONKEY HALIFAX HALIFAX, NS",95.89,,
2021-07-26,"NETFLIX.COM 866-716-0414, ON",17.24,,
2021-07-26,"BEST WESTERN BRIDGEWATER COOKVILLE, NS",183.24,,
2021-07-26,"IKEA HALIFAX DARTMOUTH, NS",14.46,,
2021-07-26,"IKEA HALIFAX DARTMOUTH, NS",8.04,,
2021-07-26,"IKEA HALIFAX DARTMOUTH, NS",5.16,,
2021-07-26,"PARK INDIGO - HAL RESERVA HALIFAX, NS",3.10,,
2021-07-26,"PARK INDIGO - HAL RESERVA HALIFAX, NS",,3.10,
2021-07-26,"PARK INDIGO - HAL RESERVA HALIFAX, NS",4.60,,
2021-07-26,"PARK INDIGO - HAL RESERVA HALIFAX, NS",,4.60,
2021-07-26,"PARK INDIGO - HAL RESERVA HALIFAX, NS",7.60,,
2021-07-26,"PARK INDIGO - HAL RESERVA HALIFAX, NS",,7.60,
2021-07-26,"PARK INDIGO - HAL RESERVA HALIFAX, NS",9.10,,
2021-07-26,"TIM HORTONS #0488 HALIFAX, NS",4.35,,
2021-07-26,"SOBEYS #670 LOWER SACKVIL, NS",25.72,,
2021-07-26,"CROOKED FLOOR CAFE & GIFT ANNAPOLIS ROY, NS",5.69,,
2021-07-23,"HALIFAX KOA WEST 902-865-4342, NS",193.20,,
2021-07-23,"CINEPLEX 5119 LOWER SACKVIL, NS",41.96,,
2021-07-23,"CINEPLEX 5119 LOWER SACKVIL, NS",32.17,,
2021-07-23,PAYMENT THANK YOU/PAIEMEN T MERCI,,1500.00,
2021-07-23,"LOONIES & TOONIES DOLL LUNENBURG, NS",6.61,,
2021-07-23,"BACKBLAZE HTTPSWWW.BACK, CA .82 USD @ 1.292682",1.06,,
2021-07-23,"DIGBY PINES GOLF RESORT A DIGBY, NS",201.25,,
2021-07-22,"WHYNOT ADVENTURE MAITLAND BRID, NS",34.50,,
2021-07-22,"GRAND BANKER BAR & GRILL LUNENBURG, NS",50.26,,
2021-07-22,"CIRCLE K / IRVING #2052 DIGBY, NS",80.37,,
2021-07-22,"PN KEJIMKUJIK NP-GATE CALEDONIA, NS",11.80,,
2021-07-22,"SWEET TREASURES LUNENBURG, NS",6.00,,
2021-07-22,"JAC'S BURGER'S AND SHAKES BRIDGEWATER, NS",52.16,,
2021-07-22,"APPLE.COM/BILL 866-712-7753, ON",14.94,,
2021-07-22,"EOS NATURAL FOODS WOLFVILLE, NS",26.35,,
2021-07-22,"DIGBY PINES (REST) DIGBY, NS",74.06,,
2021-07-22,"MUDDY'S CONV STORE QCO WOLFVILLE, NS",1.15,,
2021-07-22,"SUPER 8 BY WYNDHAM, WINDS WINDSOR, NS",161.61,,
2021-07-21,"SQ *THE RED ONION MARKET Annapolis Roy, NS",3.39,,
2021-07-21,"NEEDS 4432 MONTAGUE, PE",83.71,,
2021-07-21,"MCDONALD'S #3916 TRURO, NS",14.00,,
2021-07-21,"THE CHURCH BREWING COMPAN WOLFVILLE, NS",91.84,,
2021-07-21,"RODD HOTELS & RESORTS - B CARDIGAN, PE",194.35,,
2021-07-20,"NORTHUMBERLAND FERRIES CHARLOTTETOWN, PE",4.89,,
2021-07-20,"NORTHUMBERLAND FERRIES (W CHARLOTTETOWN, PE",28.00,,
2021-07-20,"NORTHUMBERLAND FERRIES CHARLOTTETOWN, PE",7.19,,
2021-07-20,"STRATECHERY/DITHERING HTTPSSTRATECH, CA 5.00 USD @ 1.312000",6.56,,
2021-07-20,"MONTAGUE PIZZA DELIGHT MONTAGUE, PE",80.43,,
2021-07-19,"SQ *RECEIVER COFFEE COMPA Charlottetown, PE",7.90,,
2021-07-19,"BIG BURGER CHARLOTTETOWN, PE",9.86,,
2021-07-19,"STIR IT UP VEGAN KITCHEN CHARLOTTETOWN, PE",3.96,,
2021-07-19,"STIR IT UP VEGAN KITCHEN CHARLOTTETOWN, PE",13.28,,
2021-07-19,"MARCO POLO LAND HUNTER RIVER, PE",6.00,,
2021-07-19,"MARCO POLO LAND HUNTER RIVER, PE",76.25,,
2021-07-19,"TIM HORTON'S #9234 CAVENDISH, PE",8.25,,
2021-07-19,"SQ *GALLEY North Rustico, PE",9.05,,
2021-07-19,"SQ *CHILLZ Green Gables, PE",10.49,,
2021-07-19,"BLUE MUSSEL CAFE NORTH RUSTICO, PE",143.50,,
2021-07-19,"MARITIME FUN GROUP HUNTER RIVER, PE",52.99,,
2021-07-19,"CRAFT BEER CORNER CHARLOTTETOWN, PE",5.49,,
2021-07-16,"SQ *OH HEY BY THE SEA North Rustico, PE",179.40,,
2021-07-16,"IRVING #46125 RUSTICO, PE",14.08,,
2021-07-16,"THE COOKS EDGE CHARLOTTETOWN, PE",87.40,,
2021-07-16,"SHOPPERSDRUGMART0102 CHARLOTTETOWN, PE",8.72,,
2021-07-16,"TRUCKIN ROLL ICE CREAM VERNON BRIDGE, PE",10.49,,
2021-07-16,"MARCO POLO LAND HUNTER RIVER, PE",7.82,,
2021-07-16,"PRINCE EDWARD ISLAND P NEW GLASGOW, PE",44.79,,
2021-07-16,"PRINCE EDWARD ISLAND P NEW GLASGOW, PE",68.70,,
2021-07-15,"SUGAR SKULL CANTINA CHARLOTTETOWN, PE",47.61,,
2021-07-15,"COWS CHARLOTTETOWN, PE",16.54,,
2021-07-15,"SQ *CALEDONIA HOUSE Charlottetown, PE",21.85,,
2021-07-15,"THE ANNE OF GREEN GABLES CHARLOTTETOWN, PE",2.86,,
2021-07-14,"SQ *SHIPWRECK FUDGE & SWE Green Gables, PE",5.99,,
2021-07-14,"SQ *BEAVERTAILS SHINING W Green Gables, PE",16.01,,
2021-07-14,"SQ *SHIPWRECK FUDGE & SWE Green Gables, PE",6.99,,
2021-07-14,"MARCO POLO LAND HUNTER RIVER, PE",6.00,,
2021-07-14,"SQ *SHIPWRECK FUDGE & SWE Green Gables, PE",12.01,,
2021-07-14,"PETROCAN-59 VICTORIA ROAD KENSINGTON, PE",79.78,,
2021-07-13,"PAYPAL *MARITIMEFUN 4029357733, ON",106.00,,
2021-07-13,"ISLAND BEACH CO INC CAVENDISH, PE",22.99,,
2021-07-13,"XPRESSIONS CAVENDISH, PE",9.18,,
2021-07-13,"KOOL BREEZE FARMS LTD. SUMMERSIDE, PE",14.05,,
2021-07-13,"CALLBECKS HH BUILDING CEN SUMMERSIDE, PE",13.77,,
2021-07-13,PAYMENT THANK YOU/PAIEMEN T MERCI,,1000.00,
2021-07-12,"CLOVER FARMS #2756 NORTH RUSTICO, PE",23.51,,
2021-07-12,"SEAGULLS NEST N.RUSTICO HAR, PE",9.09,,
2021-07-12,"MARCO POLO LAND HUNTER RIVER, PE",7.44,,
2021-07-12,"ANNE OF GG CHOC-QS CHARLOTTETOWN, PE",7.41,,
2021-07-12,"RECEIVER COFFEE CO. CHARLOTTETOWN, PE",23.16,,
2021-07-12,"STIR IT UP VEGAN KITCHEN CHARLOTTETOWN, PE",13.28,,
2021-07-12,"MARCO POLO LAND HUNTER RIVER, PE",4.01,,
2021-07-12,"NORTHUMBERLAND FERRIES CHARLOTTETOWN, PE",,82.00,
2021-07-12,"NORTHUMBERLAND FERRIES CHARLOTTETOWN, PE",,82.00,
2021-07-12,"NORTHUMBERLAND FERRIES CHARLOTTETOWN, PE",,82.00,
2021-07-12,"BIG BURGER CHARLOTTETOWN, PE",11.75,,
2021-07-12,"THE HOLMAN GRAND HOTEL CHARLOTTETOWN, PE",235.72,,
2021-07-12,"Subway 4485 Charlottetown, PE",10.43,,
2021-07-12,"TIM HORTONS #0093 CHARLOTTETOWN, PE",1.33,,
2021-07-12,"BOOKMARK CHARLOTTETOWN, PE",22.08,,
2021-07-12,"HOPYARD CHARLOTTETOWN, PE",85.49,,
2021-07-12,"SQ *FARMACY + FERMENTARY Charlottetown, PE",28.75,,
2021-07-09,"MARCO POLO LAND HUNTER RIVER, PE",3.00,,
2021-07-09,"SOURCE FOR SPORTS CHARLOTTETOWN, PE",120.73,,
2021-07-09,"COASTAL CULTURE CHARLOTTETOWN, PE",63.18,,
2021-07-08,"NORTH RUSTICO LIQUOR # NORTH RUSTICO, PE",101.96,,
2021-07-08,"MARINE ATLANTIC PORT-AUX-BASQ, NL",,1845.94,
2021-07-08,"SQ *SANDSPIT ENTERTAINMEN Cavendish, PE",3.50,,
2021-07-08,"PAYPAL *MARITIMEFUN 4029357733, ON",106.00,,
2021-07-08,JETPACK 2LKPDJFXD2 DUBLIN 44.85 USD @ 1.283389,57.56,,
2021-07-08,"SAMUEL'S COFFEE HOUSE CAVENDISH, PE",47.25,,
2021-07-08,"PETROCAN-69 ROBIE ST. TRURO, NS",28.79,,
2021-07-07,"NORTH ATLANTIC PETROLE 709-579-5831, NL",122.58,,
2021-07-07,"NAME-CHEAP.COM WWW.NAMECHEAP, AZ 15.16 USD @ 1.281002",19.42,,
2021-07-07,"ANTIGONISH SUPERSTORE ANTIGONISH, NS",258.58,,
2021-07-07,"STAPLES STORE #277 ANTIGONISH, NS",13.79,,
2021-07-07,"CIRCLE K / IRVING #QPS 20 AULDS COVE, NS",3.21,,
2021-07-07,"CIRCLE K / IRVING #2074 AULDS COVE, NS",65.07,,
2021-07-07,"MV ATLANTIC VISION CHANNEL-PORT-, NL",3.45,,
2021-07-07,"ROBIE ST. THAI EXPRESS TRURO, NS",27.14,,
2021-07-07,"MARINE ATLANTIC PORT-AUX-BASQ, NL",,922.97,
2021-07-07,"HIGHWAY 104 WESTERN AL HALIFAX, NS",5.25,,
2021-07-06,"MV ATLANTIC VISION CHANNEL-PORT-, NL",13.59,,
2021-07-06,"QUESADA MEXICAN GRILL ST. JOHN'S, NL",69.00,,
2021-07-06,"CIRCLE K / IRVING #2128 WHITBOURNE, NL",8.25,,
2021-07-06,"SOBEYS #340 ST. JOHN'S, NL",16.09,,
2021-07-06,"#371 SPORT CHEK ST JOHNS, NL",80.48,,
2021-07-05,"STARBUCKS COFFEE #2260 ST. JOHN''S, NL",9.14,,
2021-07-05,"Subway 2324 St. Johns, NL",5.51,,
2021-07-05,"SUN SUSHI EXPRESS MOUNT PEARL, NL",82.90,,
2021-07-05,"THE HOME DEPOT #7077 ST JOHNS, NL",186.27,,
2021-07-05,"Amazon web services aws.amazon.co, WA 2.14 USD @ 1.275700",2.73,,
2021-07-05,"MARINE ATLANTIC PORT-AUX-BASQ, NL",922.97,,
2021-07-05,"NYTimes*NYTimes 800-698-4637, NY",23.00,,
2021-07-05,"WWW.NFMUSHROOMS.COM LIVINGSTONE S, NL",19.25,,
2021-07-05,"BUBBA'S TUBS & POOLS MOUNT PEARL, NL",287.89,,
2021-07-05,"CIRCLE K / IRVING #QPS210 ST-JOHN'S, NL",100.75,,
2021-07-05,"SOBEYS #340 ST. JOHN'S, NL",30.13,,
2021-07-05,"BROWNING HARVEY LIMITE ST. JOHN'S, NL",1.95,,
2021-07-05,"Lemon and Lime Health Sho ST. JOHN'S, NL",4.59,,
2021-07-05,PAYMENT THANK YOU/PAIEMEN T MERCI,,432.00,
2021-07-05,PAYMENT THANK YOU/PAIEMEN T MERCI,,148.35,
2021-07-05,PAYMENT THANK YOU/PAIEMEN T MERCI,,1500.00,
2021-07-05,"KOODO MOBILE PAC 111-1111111, AB",135.41,,
2021-07-05,"BOSTON PIZZA # 914 ST. JOHN'S, NL",100.54,,
2021-07-02,"LINODE 8554546633, PA 7.00 USD @ 1.275714",8.93,,
2021-07-02,Spotify P15C965A0D Stockholm,11.49,,
2021-07-02,"THE HALIFAX HERALD 902-426-2811, NS",5.75,,
2021-07-02,"DIGITALOCEAN.COM SAINT JOHN, NB 6.90 USD @ 1.272463",8.78,,
2021-07-02,"THE HOME DEPOT #7077 ST JOHNS, NL",17.22,,
2021-07-02,"EVOO ST. JOHN'S, NL",122.99,,
2021-07-02,"CDN TIRE STORE #00333 MOUNT PEARL, NL",,327.74,
2021-06-30,"NORTHUMBERLAND FERRIES (W CHARLOTTETOWN, PE",82.00,,
2021-06-30,"NORTHUMBERLAND FERRIES (W CHARLOTTETOWN, PE",82.00,,
2021-06-30,"PARK INDIGO - NO CNL002 ST. JOHN'S, NL",8.00,,
2021-06-30,"URBAN MARKET 1919 ST JOHNS, NL",70.27,,
2021-06-30,"NORTHUMBERLAND FERRIES (W CHARLOTTETOWN, PE",82.00,,
2021-06-30,"GUM.CO/CC* MAKETHEWEB 6502043486, CA 29.00 USD @ 1.265862",36.71,,
2021-06-30,"SOBEYS #340 ST. JOHN'S, NL",38.38,,
2021-06-29,"WWW.NFMUSHROOMS.COM LIVINGSTONE S, NL",19.25,,
2021-06-29,"HALIFAX KOA WEST 902-865-4342, NS",47.15,,
2021-06-29,"DISNEY PLUS 180-07271800, CA",8.99,,
2021-06-28,"Crocs Canada, Inc. crocs.ca, ON",63.23,,
2021-06-28,"SMITH'S HOME HARDWARE ST. JOHN'S, NL",46.77,,
2021-06-28,"SMITH'S HOME HARDWARE ST. JOHN'S, NL",31.60,,
2021-06-28,"SMITH'S HOME HARDWARE ST. JOHN'S, NL",14.52,,
2021-06-28,"NORTHUMBERLAND FERRIES (W CHARLOTTETOWN, PE",82.00,,
2021-06-28,"SUN SUSHI - KENMOUNT ( ST. JOHN'S, NL",105.92,,
2021-06-28,PAYMENT THANK YOU/PAIEMEN T MERCI,,1500.00,
2021-06-28,"NLC #033 ST. JOHN'S, NL",80.03,,
2021-06-28,"SOBEYS #340 ST. JOHN'S, NL",64.86,,
2021-06-28,"MARIE'S MINI MART #36 ST. JOHN'S, NL",2.86,,
2021-06-28,"MARIE'S MINI MART #36 ST. JOHN'S, NL",3.89,,
2021-06-28,"BELL ALIANT PAP #154 SAINT JOHN, NB",10.64,,
2021-06-28,"NLC #033 ST. JOHN'S, NL",58.93,,
2021-06-25,"BACKBLAZE HTTPSWWW.BACK, CA 18.00 USD @ 1.265555",22.78,,
2021-06-25,"GAZE SEED COMPANY ST JOHNS, NL",57.50,,
2021-06-25,"ROCKET BAKERY & FRESH FOO ST. JOHN'S, NL",16.54,,
2021-06-25,"THE OUTFITTERS ST. JOHN'S, NL",149.50,,
2021-06-24,"APPLE.COM/BILL 866-712-7753, ON",54.04,,
2021-06-24,"NETFLIX.COM 844-5052993, BC",14.99,,
2021-06-24,"SHOPPERSDRUGMART0118 ST JOHN'S, NL",47.68,,
2021-06-23,"APPLE.COM/BILL 866-712-7753, ON",14.94,,
2021-06-23,"BACKBLAZE HTTPSWWW.BACK, CA .79 USD @ 1.265822",1.00,,
2021-06-23,"MARIE'S MINI MART #29 ST. JOHN'S, NL",3.89,,
2021-06-23,"CDN TIRE STORE #00333 MOUNT PEARL, NL",338.65,,
2021-06-22,"WWW.NFMUSHROOMS.COM LIVINGSTONE S, NL",19.25,,
2021-06-22,"CDN TIRE STORE #00216 ST JOHN'S, NL",132.54,,
2021-06-21,"N ATLANTIC PETROLEUM 1 HOLYROOD, NL",86.97,,
2021-06-21,"AMZN Mktp CA*2161D0A50 WWW.AMAZON.CA, ON",25.30,,
2021-06-21,"KENT MOUNT PEARL MOUNT PEARL, NL",77.60,,
2021-06-21,"THE HOME DEPOT #7077 ST JOHNS, NL",148.35,,
2021-06-21,"STRATECHERY/DITHERING HTTPSSTRATECH, CA 5.00 USD @ 1.280000",6.40,,
2021-06-21,"FRONTLINE ACTION ST.JOHN'S, NL",14.95,,
2021-06-21,"NLSPICEBOX CONCEPTION BA, NL",16.43,,
2021-06-21,"COLEMANS FOOD CENTRE MOUNT PEARL, NL",13.57,,
2021-06-21,"ULTRAMAR #773 CAPE BROYLE, NL",5.03,,
2021-06-18,"WAL-MART SUPERCENTER#3196 ST. JOHN'S, NL",574.70,,
2021-06-16,"BACKBLAZE HTTPSWWW.BACK, CA 3.32 USD @ 1.250000",4.15,,
2021-06-16,"QUESADA MEXICAN GRILL ST. JOHN'S, NL",28.24,,
2021-06-16,"SHOPPERSDRUGMART0118 ST JOHN'S, NL",113.43,,
2021-06-15,"WWW.NFMUSHROOMS.COM LIVINGSTONE S, NL",19.25,,
2021-06-15,"SHOPPERS DRUG MART #0118 ST JOHN'S, NL",22.68,,
2021-06-15,"SOBEYS #340 ST. JOHN'S, NL",262.39,,
2021-06-15,"NLC #033 ST. JOHN'S, NL",169.18,,
2021-06-14,"NORTH ATLANTIC PETROLE ST JOHN'S, NL",70.00,,
2021-06-14,"SUN SUSHI - KENMOUNT ( ST. JOHN'S, NL",54.13,,
2021-06-14,"MCDONALD'S #29133 ST. JOHN'S, NL",11.25,,
2021-06-11,"PROVINCIAL WOODPRODUCTS ST-JOHN'S, NL",44.28,,
2021-06-11,PAYMENT THANK YOU/PAIEMEN T MERCI,,1200.00,
2021-06-10,"THE HOME DEPOT #7077 ST JOHNS, NL",11.43,,
2021-06-09,"CURRY DELIGHT MOUNT PEARL, NL",61.75,,
2021-06-09,"THE PAINT SHOP MOUNT PEARL, NL",24.71,,
2021-06-08,"WWW.NFMUSHROOMS.COM LIVINGSTONE S, NL",19.25,,
2021-06-08,PAYMENT THANK YOU/PAIEMEN T MERCI,,173.06,
2021-06-07,"APPLE.COM/BILL 866-712-7753, ON",21.84,,
2021-06-07,"NYTimes*NYTimes 800-698-4637, NY",23.00,,
2021-06-04,"Amazon web services aws.amazon.co, WA 2.14 USD @ 1.238317",2.65,,
2021-06-03,"STAPLES STORE #101 MOUNT PEARL, NL",173.06,,
2021-06-03,"CIRCLE K / IRVING #2106 ST-JOHN'S, NL",92.18,,
2021-06-02,"DIGITALOCEAN.COM SAINT JOHN, NB 6.90 USD @ 1.239130",8.55,,
2021-06-02,"LINODE 8554546633, PA 7.00 USD @ 1.238571",8.67,,
2021-06-02,Spotify P154DE48DA Stockholm,9.99,,
2021-06-02,"MEINEKE CAR CARE CENTER MOUNT PEARL, NL",1036.06,,
2021-06-02,"KOODO MOBILE PAC 111-1111111, AB",152.66,,
2021-06-01,"THE HALIFAX HERALD 902-426-2811, NS",5.75,,
2021-06-01,"WWW.NFMUSHROOMS.COM LIVINGSTONE S, NL",19.25,,
2021-06-01,PAYMENT THANK YOU/PAIEMEN T MERCI,,462.55,
2021-06-01,PAYMENT THANK YOU/PAIEMEN T MERCI,,900.00,
2021-06-01,"PEACEFUL LOFT ST. JOHNS, NL",83.43,,
2021-05-31,"Crocs Canada, Inc. crocs.ca, ON",80.49,,
2021-05-31,"NEWBALANCECANADA 800-595-9138, ON",,172.49,
2021-05-31,"SMALL POINT GENERAL STORE WESTERN BAY, NL",10.96,,
2021-05-31,"THE HOME DEPOT #7077 ST JOHNS, NL",462.55,,
2021-05-31,"THE HOME DEPOT #7077 ST JOHNS, NL",,57.48,
2021-05-31,PAYMENT THANK YOU/PAIEMEN T MERCI,,80.43,
2021-05-31,PAYMENT THANK YOU/PAIEMEN T MERCI,,506.87,
2021-05-31,PAYMENT THANK YOU/PAIEMEN T MERCI,,376.74,
2021-05-31,PAYMENT THANK YOU/PAIEMEN T MERCI,,267.73,
2021-05-31,PAYMENT THANK YOU/PAIEMEN T MERCI,,205.85,
2021-05-31,PAYMENT THANK YOU/PAIEMEN T MERCI,,1000.00,
2021-05-31,"NLC #051 MOUNT PEARL, NL",47.90,,
2021-05-31,"SQ *SAUCY MOUTH, INC. 8774174551, NL",94.30,,
2021-05-31,"Amazon.ca Prime Member amazon.ca/pri, BC",,9.19,
2021-05-31,"DISNEY PLUS 180-07271800, CA",8.99,,
2021-05-31,"LANDWASH BREWERY MOUNT PEARL, NL",23.50,,
2021-05-28,"BELL ALIANT PAP #154 SAINT JOHN, NB",10.64,,
2021-05-27,ANNUAL FEE,139.00,,
2021-05-27,"HARDWOOD DEPOT LTD. MOUNT PEARL, NL",376.74,,
2021-05-27,"THE HOME DEPOT #7077 ST JOHNS, NL",267.73,,
2021-05-27,"KENT ST. JOHN'S ST. JOHN'S, NL",49.44,,
2021-05-27,"THE HOME DEPOT #7077 ST JOHNS, NL",,205.85,
2021-05-26,"APPLE.COM/CA 800-676-2775, ON",1761.51,,
2021-05-26,"APPLE.COM/CA 800-676-2775, ON",120.75,,
2021-05-26,"WF/WAYFAIR3584666232 VANCOUVER, BC",506.87,,
2021-05-26,"QUESADA MEXICAN GRILL ST. JOHN'S, NL",32.49,,
2021-05-26,"WF* WAYFAIR 3584101752 MISSISSAUGA, ON",29.20,,
2021-05-25,"WWW.NFMUSHROOMS.COM LIVINGSTONE S, NL",19.25,,
2021-05-25,"SUN SUSHI - KENMOUNT ( ST. JOHN'S, NL",63.22,,
2021-05-25,"BACKBLAZE HTTPSWWW.BACK, CA 12.00 USD @ 1.239166",14.87,,
2021-05-25,"NETFLIX.COM 866-716-0414, ON",14.99,,
2021-05-25,"WAL-MART STORE#3015 CARBONEAR, NL",15.80,,
2021-05-25,"BURDENS SUPERETTE BROAD-CV-BDV, NL",49.25,,
2021-05-25,"APPLE.COM/BILL 866-712-7753, ON",14.94,,
2021-05-25,"NORTH ATLANTIC PETROLE MOUNT PEARL, NL",91.75,,
2021-05-25,"BACKBLAZE HTTPSWWW.BACK, CA .79 USD @ 1.240506",0.98,,
2021-05-25,"SOBEYS #340 ST. JOHN'S, NL",8.49,,
2021-05-25,"THE HOME DEPOT #7077 ST JOHNS, NL",80.43,,
2021-05-25,"QUESADA MEXICAN GRILL ST. JOHN'S, NL",35.59,,
2021-05-25,"SOBEYS #340 ST. JOHN'S, NL",35.98,,
2021-05-21,"COLEMANS FOOD CENTRE MOUNT PEARL, NL",18.16,,
2021-05-21,PAYMENT THANK YOU/PAIEMEN T MERCI,,1882.26,
2021-05-21,PAYMENT THANK YOU/PAIEMEN T MERCI,,703.89,
2021-05-21,PAYMENT THANK YOU/PAIEMEN T MERCI,,976.07,
2021-05-21,PAYMENT THANK YOU/PAIEMEN T MERCI,,239.57,
2021-05-21,"THE HOME DEPOT #7077 ST JOHNS, NL",239.57,,
2021-05-21,"KENT ST. JOHN'S ST. JOHN'S, NL",12.01,,
2021-05-20,"STRATECHERY+DITHERING HTTPSSTRATECH, CA 5.00 USD @ 1.244000",6.22,,
2021-05-20,"SOBEYS #340 ST. JOHN'S, NL",16.12,,
2021-05-20,"MARIE'S MINI MART #36 ST. JOHN'S, NL",15.98,,
2021-05-19,"CURRY DELIGHT MOUNT PEARL, NL",64.10,,
2021-05-19,"JUNGLE JIM'S-ST JOHN'S ST.JOHN'S, NL",21.24,,
2021-05-18,"WWW.NFMUSHROOMS.COM LIVINGSTONE S, NL",19.25,,
2021-05-18,PAYMENT THANK YOU/PAIEMEN T MERCI,,800.00,
2021-05-18,"THE HOME DEPOT #7077 ST JOHNS, NL",976.07,,
2021-05-18,"WAL-MART SUPERCENTER#3093 MOUNT PEARL, NL",160.95,,
2021-05-18,"DAIRY QUEEN #11861 ST. JOHN'S, NL",27.63,,
2021-05-18,"CDN TIRE STORE #00333 MOUNT PEARL, NL",35.63,,
2021-05-17,"PEACEFUL LOFT ST. JOHNS, NL",50.20,,
2021-05-17,"COLEMANS ST. JOHN'S, NL",240.51,,
2021-05-17,"SUN SUSHI - KENMOUNT ( ST. JOHN'S, NL",85.43,,
2021-05-17,"MARINE ATLANTIC PORT-AUX-BASQ, NL",,59.80,
2021-05-14,"VEGA 604-571-4100, BC",126.48,,
2021-05-14,"DOMINION BLACKMARSH ST. JOHN'S, NL",83.12,,
2021-05-14,"PIT CREW DRIVE THRU INC. ST. JOHN'S, NL",99.71,,
2021-05-14,"PIT CREW DRIVE THRU INC. ST. JOHN'S, NL",18.34,,
2021-05-13,"SCHOOL LUNCH ASSOCIATI 709-754-5323, NL",62.50,,
2021-05-13,"SP* HOLY HEART - MKB CALGARY, AB",66.00,,
2021-05-13,"MCDONALD'S #4129 ST. JOHN'S, NL",5.62,,
2021-05-11,"WWW.NFMUSHROOMS.COM LIVINGSTONE S, NL",19.25,,
2021-05-11,"SOBEYS #340 ST. JOHN'S, NL",21.48,,
2021-05-10,"SQ *GINGERLY PLANT-BASED ST. JOHN'S, NL",171.35,,
2021-05-10,"CIRCLE K / IRVING #2106 ST-JOHN'S, NL",88.90,,
2021-05-10,"NYTimes*NYTimes 800-698-4637, NY",23.00,,
2021-05-10,"GAZE SEED COMPANY ST JOHNS, NL",22.99,,
2021-05-10,"SP * THE BEES KNEES ST. JOHNS, NL",126.92,,
2021-05-10,"RESTAURANT TERRE ST-JOHN'S, NL",250.00,,
2021-05-10,"MCDONALD'S #4129 ST. JOHN'S, NL",11.25,,
2021-05-10,"SOBEYS #340 ST. JOHN'S, NL",51.61,,
2021-05-10,"SOBEYS #340 ST. JOHN'S, NL",64.24,,
2021-05-10,"WILKINS AUTOMOTIVE REP MT. PEARL, NL",703.89,,
2021-05-10,"NLC #033 ST. JOHN'S, NL",72.02,,
2021-05-10,"GINGERGRASS ST. JOHN'S, NL",61.34,,
2021-05-07,"NORTH ATLANTIC PETROLE 709-579-5831, NL",113.85,,
2021-05-05,"SHOPPERSDRUGMART0118 ST JOHN'S, NL",58.04,,
2021-05-04,"WWW.NFMUSHROOMS.COM LIVINGSTONE S, NL",19.25,,
2021-05-04,"DIGITALOCEAN.COM SAINT JOHN, NB 6.90 USD @ 1.262318",8.71,,
2021-05-04,"Patagonia Direct Inc. 800-6386464, CA",,198.35,
2021-05-04,"Amazon web services aws.amazon.co, WA 2.14 USD @ 1.266355",2.71,,
2021-05-04,"SHOPPERS DRUG MART #0118 ST JOHN'S, NL",22.68,,
2021-05-04,PAYMENT THANK YOU/PAIEMEN T MERCI,,3000.00,
2021-05-03,"HEROES AND HOBBIES MOUNT PEARL, NL",15.99,,
2021-05-03,"Amazon.ca Prime Member amazon.ca/pri, BC",9.19,,
2021-05-03,"LINODE 8554546633, PA 7.00 USD @ 1.264285",8.85,,
2021-05-03,Spotify P149F00589 Stockholm,9.99,,
2021-05-03,"THE HALIFAX HERALD 902-426-2811, NS",5.75,,
2021-05-03,"KOODO MOBILE PAC 111-1111111, AB",152.66,,
2021-05-03,"MCDONALD'S #7957 MOUNT PEARL, NL",19.71,,
2021-05-03,"SQ *SAUCY MOUTH, INC. Mount Pearl, NL",50.70,,
2021-05-03,"SOBEYS #340 ST. JOHN'S, NL",132.57,,
2021-04-30,"MARINE ATLANTIC PORT-AUX-BASQ, NL",1845.94,,
2021-04-30,PAYMENT THANK YOU/PAIEMEN T MERCI,,1845.94,
2021-04-29,"DISNEY PLUS 180-07271800, CA",8.99,,
2021-04-28,"BELL ALIANT PAP #154 SAINT JOHN, NB",10.64,,
2021-04-27,"WWW.NFMUSHROOMS.COM LIVINGSTONE S, NL",19.25,,
2021-04-26,"NORTH ATLANTIC PETROLE MOUNT PEARL, NL",76.16,,
2021-04-26,"SWISS CHALET 1271E 709-468-6315, NL",14.93,,
2021-04-26,"SUSHI SHOKUNIN ST. JOHN'S, NL",76.59,,
2021-04-26,"BACKBLAZE HTTPSWWW.BACK, CA 12.00 USD @ 1.282500",15.39,,
2021-04-26,"NETFLIX.COM 844-5052993, BC",14.99,,
2021-04-26,"MARIE'S MINI MART #29 ST. JOHN'S, NL",11.66,,
2021-04-26,"WAL-MART STORE#1179 ST. JOHN'S, NL",14.92,,
2021-04-26,"SOBEYS #340 ST. JOHN'S, NL",79.96,,
2021-04-26,"BED BATH & BEYOND #2031 ST. JOHN'S, NL",24.92,,
2021-04-23,"APPLE.COM/BILL 866-712-7753, ON",14.94,,
2021-04-23,"PAYPAL *NEWFOUNDLAN 4029357733, ON",40.00,,
2021-04-23,"NEWBALANCECANADA 800-595-9138, ON",,1414.42,
2021-04-23,"BACKBLAZE HTTPSWWW.BACK, CA .82 USD @ 1.292682",1.06,,
2021-04-22,"ARC'TERYX EQUIPMENT 866-458-2473, BC",,805.00,
2021-04-22,PAYMENT THANK YOU/PAIEMEN T MERCI,,2094.00,
2021-04-21,"CURRY DELIGHT MOUNT PEARL, NL",68.07,,
2021-04-20,"SCHOOL LUNCH ASSOCIATI 709-754-5323, NL",81.25,,
2021-04-20,"WWW.NFMUSHROOMS.COM LIVINGSTONE S, NL",19.25,,
2021-04-20,"STRATECHERY+DITHERING HTTPSSTRATECH, CA 5.00 USD @ 1.286000",6.43,,
2021-04-20,"LAWTONS #142 ST. JOHN'S, NL",6.30,,
2021-04-19,"CINEPLEX 8030 WEB QPS 416-323-6600, ON",44.28,,
2021-04-19,"THE CARPET FACTORY ST. JOHN'S, NL",2094.00,,
2021-04-19,"NLC #033 ST. JOHN'S, NL",55.91,,
2021-04-19,"SOBEYS #340 ST. JOHN'S, NL",8.49,,
2021-04-19,"SOBEYS #340 ST. JOHN'S, NL",20.49,,
2021-04-19,"MCDONALD'S #4129 ST. JOHN'S, NL",11.25,,
2021-04-19,"AMZN Mktp US Amzn.com/bill, ON",,291.83,
2021-04-19,"SUSHI MAKI ST. JOHN'S, NL",37.20,,
2021-04-19,"ALTITUDE SPORTS 8007290322, QC",,252.98,
2021-04-19,"ALTITUDE SPORTS 8007290322, QC",,435.83,
2021-04-19,"JONES COMPANY ST. JOHN'S, NL",189.75,,
2021-04-16,PAYMENT THANK YOU/PAIEMEN T MERCI,,1300.00,
2021-04-15,"BUBBA'S TUBS & POOLS MOUNT PEARL, NL",281.04,,
2021-04-15,"APPLE.COM/BILL 866-712-7753, ON",17.24,,
2021-04-15,"CINEPLEX REC ROOM 8001 ST JOHN'S, NL",40.25,,
2021-04-15,"SOBEYS #340 ST. JOHN'S, NL",8.49,,
2021-04-15,"MCDONALD'S #4129 ST. JOHN'S, NL",10.43,,
2021-04-15,"MCDONALD'S #4129 ST. JOHN'S, NL",5.62,,
2021-04-15,"SOBEYS #340 ST. JOHN'S, NL",112.37,,
2021-04-15,"LAWTONS #142 ST. JOHN'S, NL",18.95,,
2021-04-14,"CIRCLE K / IRVING #2100 ST-JOHN'S, NL",89.04,,
2021-04-14,"EAST SIDE MARIOS #8684 ST JOHNS, NL",99.11,,
2021-04-14,"SQ *SALTWATER DESIGNS St. John's, NL",26.45,,
2021-04-13,"WWW.NFMUSHROOMS.COM LIVINGSTONE S, NL",19.25,,
2021-04-13,"TIM HORTONS #2255 ST. JOHN'S, NL",9.05,,
2021-04-13,"BOOSTER JUICE # 233 ST. JOHN'S, NL",11.62,,
2021-04-13,"PEACEFUL LOFT ST. JOHNS, NL",47.55,,
2021-04-12,"MARIE'S MINI MART #29 ST. JOHN'S, NL",18.49,,
2021-04-12,"SOBEYS #340 ST. JOHN'S, NL",98.67,,
2021-04-12,"NYTimes*NYTimes 800-698-4637, NY",23.00,,
2021-04-12,"MCDONALD'S #7957 MOUNT PEARL, NL",11.25,,
2021-04-12,"CURRY DELIGHT MOUNT PEARL, NL",61.31,,
2021-04-09,"AMZN Mktp US Amzn.com/bill, ON",,8.04,
2021-04-09,"THE HALIFAX HERALD 902-426-2811, NS",5.75,,
2021-04-09,"AMZN Mktp US*2O8E11YW2 Amzn.com/bill, ON",112.15,,
2021-04-08,"NEWBALANCECANADA 800-595-9138, ON",172.49,,
2021-04-08,"MOXIE'S - 190 ST. JOHN ST. JOHN'S, NL",65.79,,
2021-04-08,"#371 SPORT CHEK ST JOHNS, NL",,57.49,
2021-04-07,"SHOPPERS DRUG MART #0118 ST JOHN'S, NL",26.51,,
2021-04-07,"SUSHI SHOKUNIN ST. JOHN'S, NL",65.87,,
2021-04-06,"WWW.NFMUSHROOMS.COM LIVINGSTONE S, NL",19.25,,
2021-04-06,"MARINE ATLANTIC PORT-AUX-BASQ, NL",112.76,,
2021-04-06,"MARINE ATLANTIC PORT-AUX-BASQ, NL",,147.46,
2021-04-05,"CANCORK FLOOR INC RICHMOND, BC",28.00,,
2021-04-05,"AMZN Mktp CA*HE8P08HA3 WWW.AMAZON.CA, ON",368.00,,
2021-04-05,"SOBEYS #340 ST. JOHN'S, NL",11.17,,
2021-04-05,"WAYFAIR*Wayfair.ca 800-5081737, ON",497.93,,
2021-04-05,"Amazon web services aws.amazon.co, WA 2.14 USD @ 1.289719",2.76,,
2021-04-05,"LESTERS FARM MARKET IN ST.JOHN'S, NL",30.03,,
2021-04-05,"GOOGLE *Google Play g.co/helppay#, NS",4.99,,
2021-04-05,"Amazon.ca Prime Member amazon.ca/pri, BC",9.19,,
2021-04-05,"MOTOR REG DIVISION MOUNT PEARL, NL",186.00,,
2021-04-05,"DIGITAL OCEAN CANADA SAINT JOHN, NB 6.90 USD @ 1.292753",8.92,,
2021-04-05,"LINODE 8554546633, PA 7.00 USD @ 1.291428",9.04,,
2021-04-05,Spotify P1429167A2 Stockholm,9.99,,
2021-04-05,PAYMENT THANK YOU/PAIEMEN T MERCI,,1000.00,
2021-04-05,"MARIE'S MINI MART #29 ST. JOHN'S, NL",25.36,,
2021-04-05,"KOODO MOBILE PAC 111-1111111, AB",150.36,,
2021-04-05,"THE PAINT SHOP MOUNT PEARL, NL",47.35,,
2021-04-05,"COJONES ST. JOHN`S, NL",66.15,,
2021-04-01,"APPLE.COM/BILL 866-712-7753, ON",17.24,,
2021-04-01,"#371 SPORT CHEK ST JOHNS, NL",59.49,,
2021-03-31,"CURRY DELIGHT MOUNT PEARL, NL",41.61,,
2021-03-31,"STARBUCKS 04093 ST JOHN'S, NL",15.64,,
2021-03-30,"WWW.NFMUSHROOMS.COM LIVINGSTONE S, NL",19.25,,
2021-03-30,"Patagonia Direct Inc. 800-6386464, CA",239.20,,
2021-03-29,"X-STORE ST. JOHN'S, NL",22.99,,
2021-03-29,"DISNEY PLUS 180-07271800, CA",8.99,,
2021-03-29,"CIRCLE K / IRVING #2106 ST-JOHN'S, NL",86.48,,
2021-03-29,"EB GAMES 885 ST. JOHN'S, NL",15.29,,
2021-03-29,"NEWBALANCECANADA 800-595-9138, ON",1414.42,,
2021-03-29,"AMZN Mktp CA*DV52G3AD3 WWW.AMAZON.CA, ON",134.16,,
2021-03-29,"ALTITUDE SPORTS 8007290322, QC",206.99,,
2021-03-29,"SOBEYS #340 ST. JOHN'S, NL",124.70,,
2021-03-29,"HOME ON WATER ST ST. JOHN'S, NL",48.30,,
2021-03-29,"THE OUTFITTERS ST. JOHN'S, NL",274.85,,
2021-03-29,"NLC #033 ST. JOHN'S, NL",31.98,,
2021-03-29,"MCDONALD'S #4129 ST. JOHN'S, NL",17.43,,
2021-03-29,"GINGERGRASS ST. JOHN'S, NL",52.43,,
2021-03-26,"BELL ALIANT PAP #154 SAINT JOHN, NB",10.64,,
2021-03-26,"SOBEYS #340 ST. JOHN'S, NL",83.21,,
2021-03-25,"BACKBLAZE HTTPSWWW.BACK, CA 12.00 USD @ 1.292500",15.51,,
2021-03-24,"NETFLIX.COM Vancover, BC",14.99,,
2021-03-24,"ALTITUDE SPORTS 8007290322, QC",435.83,,
2021-03-23,"ARC'TERYX EQUIPMENT 866-458-2473, BC",1012.00,,
2021-03-23,"WWW.NFMUSHROOMS.COM LIVINGSTONE S, NL",19.25,,
2021-03-23,"TIM HORTONS #1963 ST JOHNS, NL",1.33,,
2021-03-23,"BACKBLAZE HTTPSWWW.BACK, CA .74 USD @ 1.283783",0.95,,
2021-03-23,"APPLE.COM/BILL 866-712-7753, ON",14.94,,
2021-03-23,"NLC #033 ST. JOHN'S, NL",122.70,,
2021-03-22,"SCHOOL LUNCH ASSOCIATI 709-754-5323, NL",66.25,,
2021-03-22,"TIM HORTONS #8118 ST.JOHN'S, NL",4.68,,
2021-03-22,"SOBEYS #340 ST. JOHN'S, NL",26.95,,
2021-03-22,"THE SPROUT RESTAURANT ST. JOHNS, NL",52.84,,
2021-03-22,"SUSHI SHOKUNIN ST. JOHN'S, NL",65.27,,
2021-03-22,"AMZN Mktp US*VZ6LX8883 Amzn.com/bill, ON",356.30,,
2021-03-22,"STRATECHERY+DITHERING HTTPSSTRATECH, CA 5.00 USD @ 1.286000",6.43,,
2021-03-19,"CIRCLE K / IRVING #2100 ST-JOHN'S, NL",46.34,,
2021-03-18,"PC EXPRESS 0935 ST. JOHN'S, NL",329.86,,
2021-03-17,"TTP*TAUNTONPUBLISHER 800-477-8727, CT 99.00 USD @ 1.281515",126.87,,
2021-03-17,"SUSHI SHOKUNIN ST. JOHN'S, NL",57.75,,
2021-03-16,"WWW.NFMUSHROOMS.COM LIVINGSTONE S, NL",19.25,,
2021-03-16,"ALTITUDE SPORTS 8007290322, QC",252.98,,
2021-03-16,"SAIL/12424 LONGUEUIL, QC",80.50,,
2021-03-15,"DOORDASH*ANTHONYS COAL WWW.DOORDASH., CA 61.00 USD @ 1.289016",78.63,,
2021-03-15,"APPLE.COM/CA 800-676-2775, ON",,1928.26,
2021-03-15,"APPLE.COM/CA 800-676-2775, ON",,664.71,
2021-03-15,"SP * HILLHEAD HOUSE CONCEPTION BA, NL",43.69,,
2021-03-15,"PEACEFUL LOFT ST. JOHNS, NL",47.55,,
2021-03-15,"KFC #604-013 CARONEAR, NL",18.37,,
2021-03-15,"PC EXPRESS 0935 ST. JOHN'S, NL",375.66,,
2021-03-15,"N ATLANTIC PETROLEUM 1 MOUNT PEARL, NL",71.17,,
2021-03-15,"NYTimes*NYTimes 800-698-4637, NY",23.00,,
2021-03-15,"SQ *SAUCY MOUTH, INC. 8774174551, NL",50.60,,
2021-03-12,"SP * HILLHEAD HOUSE CONCEPTION BA, NL",42.00,,
2021-03-12,"LESTERS FARM MARKET IN ST.JOHN'S, NL",20.65,,
2021-03-11,"MCDONALD'S #4129 ST. JOHN'S, NL",14.46,,
2021-03-10,"WWW.NFMUSHROOMS.COM LIVINGSTONE S, NL",19.25,,
2021-03-05,PAYMENT THANK YOU/PAIEMEN T MERCI,,700.00,
2021-03-04,"APPLE.COM/BILL 866-712-7753, ON",13.79,,
2021-03-04,"Amazon web services aws.amazon.co, WA 2.14 USD @ 1.299065",2.78,,
2021-03-03,"Amazon.ca Prime Member amazon.ca/pri, BC",9.19,,
2021-03-03,Spotify P13AF00792 Stockholm,9.99,,
2021-03-03,"WWW.NFMUSHROOMS.COM LIVINGSTONE S, NL",19.25,,
2021-03-02,"AMZN Mktp CA*IU3DI0PK3 WWW.AMAZON.CA, ON",91.87,,
2021-03-02,PAYMENT THANK YOU/PAIEMEN T MERCI,,1000.00,
2021-03-02,"LINODE 8554546633, PA 7.00 USD @ 1.305714",9.14,,
2021-03-02,"DIGITAL OCEAN CANADA SAINT JOHN, NB 6.90 USD @ 1.307246",9.02,,
2021-03-01,"AMZN Mktp CA*6O3MM2HV3 WWW.AMAZON.CA, ON",25.98,,
2021-03-01,"DISNEY PLUS 180-07271800, CA",8.99,,
2021-03-01,"PC EXPRESS 0935 ST. JOHN'S, NL",302.50,,
2021-03-01,"KOODO MOBILE PAC 111-1111111, AB",150.36,,
2021-03-01,"STAPLES.CA MISSISSAUGA, ON",173.06,,
2021-03-01,"NLC #033 ST. JOHN'S, NL",138.88,,
2021-03-01,PAYMENT THANK YOU/PAIEMEN T MERCI,,1100.40,
2021-03-01,PAYMENT THANK YOU/PAIEMEN T MERCI,,800.00,
2021-03-01,PAYMENT THANK YOU/PAIEMEN T MERCI,,508.35,
2021-02-26,"BELL ALIANT PAP #154 SAINT JOHN, NB",4.89,,
2021-02-25,"BACKBLAZE HTTPSWWW.BACK, CA 12.00 USD @ 1.291666",15.50,,
2021-02-25,"STAPLES.CA MISSISSAUGA, ON",23.56,,
2021-02-24,"PRIVATEINTERNETACCESS WWW.PRIVATEIN, CO 39.95 USD @ 1.296370",51.79,,
2021-02-24,"NETFLIX.COM 844-5052993, BC",14.99,,
2021-02-24,"HIPI INDUSTRIES INC 613-6634560, ON",70.43,,
2021-02-24,"WWW.NFMUSHROOMS.COM LIVINGSTONE S, NL",19.25,,
2021-02-23,"APPLE.COM/BILL 866-712-7753, ON",14.94,,
2021-02-23,"BACKBLAZE HTTPSWWW.BACK, CA .82 USD @ 1.304878",1.07,,
2021-02-22,"BULK BARN 684 ST. JOHN'S, NL",15.78,,
2021-02-22,"LESTERSFARMMARKET ST. JOHNS, NL",55.50,,
2021-02-22,"LESTERS FARM MARKET IN ST.JOHN'S, NL",24.00,,
2021-02-19,"PC EXPRESS 0935 ST. JOHN'S, NL",382.12,,
2021-02-18,"SP * HILLHEAD HOUSE CONCEPTION BA, NL",40.00,,
2021-02-18,"Amazon.ca*SA1O67483 AMAZON.CA, ON",11.42,,
2021-02-18,"Amazon.ca*MZ2356IT3 AMAZON.CA, ON",73.70,,
2021-02-17,"WWW.NFMUSHROOMS.COM LIVINGSTONE S, NL",19.25,,
2021-02-17,"Amazon.ca*334IX9FK3 AMAZON.CA, ON",11.42,,
2021-02-17,"Amazon.ca*8R7TD11D3 AMAZON.CA, ON",21.77,,
2021-02-17,PAYMENT THANK YOU/PAIEMEN T MERCI,,2000.24,
2021-02-17,PAYMENT THANK YOU/PAIEMEN T MERCI,,1200.00,
2021-02-17,PAYMENT THANK YOU/PAIEMEN T MERCI,,1928.26,
2021-02-16,"APPLE.COM/BILL 866-712-7753, ON",14.94,,
2021-02-16,"NYTimes*NYTimes 800-698-4637, NY",23.00,,
2021-02-16,"PC EXPRESS 0935 ST. JOHN'S, NL",116.92,,
2021-02-16,"LE CHATEAU ECOMM (CAD$) SAINT-LAURENT, QC",29.33,,
2021-02-12,"PC EXPRESS 0935 ST. JOHN'S, NL",95.59,,
2021-02-12,"ULTRAMAR #92773 ST. JOHN'S, NL",79.41,,
2021-02-10,"MARCO POLO LAND 902-9633738, PE",20.00,,
2021-02-10,"MARCO POLO LAND 902-9633738, PE",508.35,,
2021-02-10,"WWW.NFMUSHROOMS.COM LIVINGSTONE S, NL",19.25,,
2021-02-10,"MARCO POLO LAND 902-9633738, PE",20.00,,
2021-02-09,"APPLE.COM/CA 800-676-2775, ON",686.56,,
2021-02-09,"APPLE.COM/CA 800-676-2775, ON",1928.26,,
2021-02-09,"MARINE ATLANTIC PORT-AUX-BASQ, NL",2000.24,,
2021-02-09,"SCHOOL LUNCH ASSOCIATI 709-754-5323, NL",88.75,,
2021-02-09,"SOBEYS #340 ST. JOHN'S, NL",184.41,,
2021-02-08,"SOBEYS #340 ST. JOHN'S, NL",100.14,,
2021-02-08,"SUSHI SHOKUNIN ST. JOHN'S, NL",47.28,,
2021-02-08,"NLC #033 ST. JOHN'S, NL",160.87,,
2021-02-08,"CORA BREAKFAST AND LUNCH ST.JOHN'S, NL",72.21,,
2021-02-08,"LE CHATEAU ECOMM (CAD$) SAINT-LAURENT, QC",44.33,,
2021-02-08,SONOS HILVERSUM,688.85,,
2021-02-05,"Amazon web services aws.amazon.co, WA 2.14 USD @ 1.317757",2.82,,
2021-02-05,"HIPI INDUSTRIES INC 613-6634560, ON",94.24,,
2021-02-05,"MARIE'S MINI MART #29 ST. JOHN'S, NL",5.47,,
2021-02-04,"THE HOME DEPOT #7077 ST JOHNS, NL",56.18,,
2021-02-03,"WWW.NFMUSHROOMS.COM LIVINGSTONE S, NL",19.25,,
2021-02-03,"Amazon.ca Prime Member amazon.ca/pri, BC",9.19,,
2021-02-02,"GoFndMe* Nancy Hiller Med Redwood City, CA 26.88 USD @ 1.318824",35.45,,
2021-02-02,"LINODE 8554546633, PA 7.00 USD @ 1.320000",9.24,,
2021-02-02,"DIGITAL OCEAN CANADA SAINT JOHN, NB 6.90 USD @ 1.318840",9.10,,
2021-02-02,Spotify P1342CF34C Stockholm,9.99,,
2021-02-02,PAYMENT THANK YOU/PAIEMEN T MERCI,,1600.00,
2021-02-01,"KOODO MOBILE PAC 111-1111111, AB",150.36,,
2021-02-01,"SWISS CHALET 1271E 709-468-6315, NL",18.38,,
2021-02-01,"STRATECHERY+DITHERING HTTPSSTRATECH, CA 5.00 USD @ 1.320000",6.60,,
2021-02-01,"SQ *SAUCY MOUTH, INC. gosq.com, NL",51.75,,
2021-02-01,"DISNEY PLUS 1 800727-1800, CA",8.99,,
2021-02-01,"STAPLES STORE #101 MOUNT PEARL, NL",103.49,,
2021-01-29,PAYMENT THANK YOU/PAIEMEN T MERCI,,247.08,
2021-01-28,"ISLAND FURNITURE ST-JOHN'S, NL",46.00,,
2021-01-28,"THE OUTFITTERS MOUNT PEARL, NL",103.44,,
2021-01-28,"SP * AWAIRSTORE HTTPSAWAIRSTO, CA 188.54 USD @ 1.314575",247.85,,
2021-01-28,"ISLAND FURNITURE ST-JOHN'S, NL",1100.40,,
2021-01-27,"WWW.NFMUSHROOMS.COM LIVINGSTONE S, NL",19.25,,
2021-01-27,"BELL ALIANT PAP #154 SAINT JOHN, NB",4.89,,
2021-01-27,"QUESADA MEXICAN GRILL ST. JOHN'S, NL",28.24,,
2021-01-25,"BACKBLAZE HTTPSWWW.BACK, CA 12.00 USD @ 1.305833",15.67,,
2021-01-25,"NETFLIX.COM 866-716-0414, ON",14.99,,
2021-01-25,PAYMENT THANK YOU/PAIEMEN T MERCI,,500.00,
2021-01-25,PAYMENT THANK YOU/PAIEMEN T MERCI,,50.00,
2021-01-25,"SUSHI SHOKUNIN ST. JOHN'S, NL",59.34,,
2021-01-25,"APPLE.COM/BILL 866-712-7753, ON",14.94,,
2021-01-25,"BACKBLAZE HTTPSWWW.BACK, CA .84 USD @ 1.309523",1.10,,
2021-01-20,"WWW.NFMUSHROOMS.COM LIVINGSTONE S, NL",19.25,,
2021-01-20,PAYMENT THANK YOU/PAIEMEN T MERCI,,275.00,
2021-01-20,PAYMENT THANK YOU/PAIEMEN T MERCI,,1000.00,
2021-01-18,"WINNERSHOMESENSE 27006 ST JOHN'S, NL",,287.49,
2021-01-18,"PADDLE.NET* BETTERTOUC GREAT OAKLEY,",26.56,,
2021-01-18,"EB GAMES 885 ST. JOHN'S, NL",16.02,,
2021-01-18,"NYTimes*NYTimes 800-698-4637, NY",23.00,,
2021-01-18,"ISLAND FURNITURE ST-JOHN'S, NL",275.00,,
2021-01-18,"SOBEYS #340 ST. JOHN'S, NL",222.41,,
2021-01-18,"SO KEE GROCERY ST. JOHN'S, NL",21.35,,
2021-01-18,"FRONTENDMASTERS.COM HTTPSFRONTEND, MN 39.00 USD @ 1.308461",51.03,,
2021-01-18,"SOBEYS #340 ST. JOHN'S, NL",8.49,,
2021-01-18,"SQ *SAUCY MOUTH, INC. Mount Pearl, NL",65.00,,
2021-01-18,"LANDWASH BREWERY MOUNT PEARL, NL",23.45,,
2021-01-14,FS *daisydisk Amsterdam,13.99,,
2021-01-13,"APPLE.COM/CA 800-676-2775, ON",28.75,,
2021-01-13,"TWPPROMO33481353 WAPO.COM, DC",49.00,,
2021-01-13,"BURRITOS MEXICAN GRIL ST. JOHN'S, NL",20.68,,
2021-01-13,"WWW.NFMUSHROOMS.COM LIVINGSTONE S, NL",19.25,,
2021-01-11,"EB GAMES 885 ST. JOHN'S, NL",18.48,,
2021-01-11,"WINNERSHOMESENSE 27006 ST JOHN'S, NL",473.74,,
2021-01-11,"E&E DRIVE-IN (CA100) BRIGUS, NL",10.64,,
2021-01-11,"SQ *CLAY CAFE AVALON gosq.com, NL",139.00,,
2021-01-11,"SWISS CHALET 1271E 709-468-6315, NL",29.87,,
2021-01-11,"SWISS CHALET 1271E 709-468-6315, NL",6.88,,
2021-01-11,"SCHOOL LUNCH ASSOCIATI 709-754-5323, NL",81.25,,
2021-01-11,"MEINEKE CAR CARE CENTER MOUNT PEARL, NL",28.69,,
2021-01-11,"CIRCLE K / IRVING #2100 ST-JOHN'S, NL",72.44,,
2021-01-11,"SUSHI MAKI ST. JOHN'S, NL",72.00,,
2021-01-08,"STARBUCKS COFFEE #2260 ST. JOHN''S, NL",42.10,,
2021-01-06,"PADDLE.NET* MAMP GMBH GREAT OAKLEY,",49.50,,
2021-01-06,"WWW.NFMUSHROOMS.COM LIVINGSTONE S, NL",19.25,,
2021-01-06,"CURRY DELIGHT MOUNT PEARL, NL",45.51,,
2021-01-05,PAYMENT THANK YOU/PAIEMEN T MERCI,,1500.00,
2021-01-04,"DOMINION BLACKMARSH ST. JOHN'S, NL",236.06,,
2021-01-04,"Amazon web services aws.amazon.co, WA 2.14 USD @ 1.308411",2.80,,
2021-01-04,"THE PAINT SHOP MOUNT PEARL, NL",16.61,,
2021-01-04,"LE CHATEAU ECOMM (CAD$) SAINT-LAURENT, QC",67.77,,
2021-01-04,"SOBEYS #340 ST. JOHN'S, NL",112.84,,
2021-01-04,"Amazon.ca Prime Member amazon.ca/pri, BC",9.19,,
2021-01-04,Spotify P12D84987E Stockholm,9.99,,
2021-01-04,"LINODE.COM 855-4546633, NJ 7.00 USD @ 1.308571",9.16,,
2021-01-04,"KOODO MOBILE PAC 111-1111111, AB",150.36,,
2021-01-04,"DIGITAL OCEAN CANADA DOWNTOWN TORO, ON 6.90 USD @ 1.308695",9.03,,
2021-01-04,PAYMENT THANK YOU/PAIEMEN T MERCI,,1000.00,
2021-01-04,"STARBUCKS COFFEE #2260 ST. JOHN''S, NL",14.32,,
2021-01-04,"MEC CANADA INC. VANCOUVER, BC",,148.29,
2021-01-04,"MEC CANADA INC. VANCOUVER, BC",,287.44,
